ivmeX,ivmeY,ivmeZ,tmp,GyroX,GyroY,GyroZ,A0,A1,A2,ivmeX2,ivmeY2,ivmeZ2,tmp2,GyroX2,GyroY2,GyroZ2,A02,A12,A22
4784,-8972,12388,29.66,-176,16,-205,0,664,919,6-3820,4368,14800,28.72,-3,-7,1,941,860,642
4708,-8796,12360,29.75,-254,-59,-104,0,667,923,-3700,4316,15012,28.62,-78,28,-47,941,860,644
4696,-8880,12416,29.71,-239,-56,-137,0,667,923,-3720,4316,14924,28.72,-59,20,-34,941,859,645
4668,-8784,12532,29.71,-241,-44,-198,0,666,924,-3768,4396,14864,28.72,-47,1,-33,941,858,646
4708,-8716,12524,29.66,-359,-70,-380,0,666,920,-3720,4308,14736,28.72,-104,-10,-35,941,859,646
4820,-8812,12432,29.66,-379,-88,-270,0,670,904,-3664,4188,14856,28.67,-71,13,-26,940,859,649
4848,-9012,12152,29.61,-397,-183,-182,0,670,900,-3744,4280,14784,28.77,-21,8,-25,942,859,651
4864,-8960,12316,29.71,-405,-66,-285,0,671,901,-3848,4296,14856,28.77,2,34,-37,941,861,652
5012,-9128,12284,29.75,-1004,-249,-381,0,675,887,-3796,4176,14700,28.72,12,15,-15,941,861,649
5024,-9208,12248,29.75,-746,-303,-329,0,680,850,-3732,4336,14836,28.81,103,26,-15,941,858,652
5008,-9172,12052,29.66,-243,-75,-107,1,681,813,-3724,4348,14876,28.77,13,-5,-40,941,857,659
4936,-9100,12092,29.61,24,247,-20,0,684,823,-3604,4360,14876,28.77,61,-23,-15,941,857,656
5024,-9100,12296,29.66,-194,-40,-185,0,685,853,-3712,4360,14928,28.77,-22,-17,-43,941,859,660
4992,-9224,11960,29.71,-169,50,-395,0,686,863,-3732,4332,14916,28.67,-88,-13,-1,941,859,663
4812,-9104,12344,29.61,502,522,78,0,686,871,-3736,4320,14816,28.77,-101,-38,-7,941,860,666
-17151,31232,-10496,29.71,404,349,179,0,688,879,-3796,4336,14876,28.77,-107,-51,-20,941,862,666
4688,-8948,12476,29.66,-142,125,-46,0,691,885,-3768,4276,14956,28.81,-83,-44,-7,943,861,665
4728,-8852,12492,29.61,-163,77,-154,0,690,897,-3720,4232,14860,28.72,-30,-12,-29,942,860,669
4660,-8844,12512,29.66,-204,-20,-200,0,693,901,-3824,4316,14880,28.72,-61,-9,-53,942,861,669
4744,-8940,12376,29.66,-186,-26,-252,0,692,905,-3768,4240,14816,28.72,69,-22,-33,942,862,673
4764,-8884,12628,29.71,-228,-139,-256,0,691,906,-3776,4576,14772,28.72,11,-56,0,942,863,679
4700,-8832,12520,29.71,-230,-176,-189,0,683,905,-3756,4296,14916,28.81,-362,76,-158,942,866,678
4804,-8800,12496,29.61,-277,-162,-226,0,658,906,-3728,4208,14964,28.77,-218,40,-40,941,862,670
4808,-8760,12412,29.66,-280,-79,-247,0,647,907,-3900,4176,14956,28.77,-494,127,-1,941,857,660
4708,-8924,12540,29.75,-252,41,-251,0,648,907,-3680,4144,14980,28.72,-55,-29,39,942,851,643
4868,-8924,12496,29.61,-199,71,-173,0,649,908,-3664,4084,14960,28.72,-248,204,-95,941,849,640
4684,-8876,12396,29.66,-218,62,-155,0,656,908,-3956,3832,14764,28.67,77,156,143,940,838,618
4852,-8828,12484,29.75,-249,14,-176,0,658,907,-3752,3816,14880,28.72,-175,-887,39,941,791,545
4764,-8768,12448,29.71,-255,-19,-241,0,660,908,-3668,3748,14736,28.77,336,-87,249,942,743,374
4744,-8828,12384,29.66,-337,-30,-204,0,658,910,-3856,4132,14732,28.81,68,-77,-43,940,758,362
4768,-8868,12452,29.66,-268,24,-170,0,657,913,-3748,4408,14904,28.72,18,-46,188,938,769,380
4704,-8852,12428,29.71,-204,29,-149,0,659,913,-3596,4216,14772,28.81,258,11,444,939,774,392
4680,-8840,12368,29.71,-193,18,-217,0,660,912,-3604,4292,14708,28.77,427,11,444,940,750,391
4748,-8808,12508,29.66,-207,-76,-258,0,662,911,-3984,4604,14820,28.81,593,57,346,938,747,389
4756,-8812,12340,29.61,-242,-72,-265,0,658,910,-3544,4780,14744,28.77,468,-305,306,932,749,396
4824,-8788,12400,29.71,-319,-82,-193,0,658,910,-3756,4700,14724,28.72,185,-136,328,920,742,408
4732,-8892,12296,29.75,-307,-41,-172,7,650,911,-3600,4708,14752,28.77,168,-40,192,907,727,384
4844,-8856,12564,29.61,-297,-8,-199,0,650,911,-3584,4864,14652,28.81,522,-79,169,890,711,363
4872,-8824,12372,29.75,-287,24,-241,0,646,912,-3476,5004,14716,28.77,397,-76,19,878,691,335
4776,-8936,12448,29.66,-262,38,-210,0,647,913,-3300,5248,14896,28.67,288,108,22,865,658,291
4808,-8820,12488,29.71,-247,43,-161,0,650,914,-3132,4724,14504,28.72,-38,-170,-155,866,552,219
4768,-8876,12492,29.66,-193,15,-138,0,649,913,-3436,4952,14536,28.67,-178,58,-279,868,571,223
4780,-8884,12424,29.66,-263,-19,-181,0,650,913,-3636,5832,14852,28.72,-616,-1,-271,867,642,228
4800,-8804,12540,29.61,-194,11,-220,0,652,913,-4032,4800,14508,28.81,-1718,287,-182,875,684,301
4708,-8856,12524,29.66,-226,-17,-220,2,655,912,-3728,4464,14876,28.72,-927,291,-425,884,709,354
4796,-8804,12656,29.66,-197,17,-170,0,654,913,-3656,4204,15076,28.72,-126,83,-236,892,739,399
4828,-8788,12492,29.71,-289,-6,-126,0,656,913,-3708,3680,14724,28.72,572,39,-209,894,767,500
4920,-8828,12432,29.57,-288,71,-159,0,654,914,-3668,4504,15056,28.77,166,245,-182,892,786,574
4736,-8904,12460,29.71,-223,54,-172,0,657,915,-4136,4736,14852,28.77,201,26,17,891,799,593
4744,-8856,12476,29.80,-448,-2,-98,0,658,917,-3892,4268,14756,28.77,78,52,113,892,808,604
4864,-8944,12460,29.71,-149,136,-125,0,657,911,-3848,4932,14764,28.77,-486,57,149,893,814,616
4504,-8808,12480,29.71,-137,449,84,0,680,900,-3872,4796,14764,28.72,-123,34,181,895,818,625
4484,-8944,12368,29.66,131,70,246,0,683,893,-4060,4664,14636,28.77,445,-117,62,897,820,630
4576,-8788,12624,29.71,3,475,514,0,688,896,-4252,4372,14764,28.62,1054,-95,-59,892,820,635
4120,-8612,12560,29.66,-321,82,803,0,694,891,-4052,5092,14716,28.67,-170,-2,21,890,821,626
4084,-9112,12244,29.80,-1105,-274,930,0,652,892,-4028,4928,14852,28.67,167,-127,-111,892,822,625
4732,-9488,11876,29.61,1306,1241,-363,0,678,918,-3952,5140,14592,28.72,494,-197,82,895,813,592
3396,-8596,13020,29.57,324,1293,249,0,742,913,-4204,3552,15472,28.77,388,706,-97,900,811,571
3200,-8440,13312,29.71,-2695,-628,-939,0,747,894,-3784,5156,14912,28.62,-758,207,-55,900,817,577
1932,-6864,12340,29.57,4129,-1865,338,0,622,565,-4072,4988,14780,28.77,82,193,98,899,824,604
5708,-3260,10864,29.66,-4642,4003,2014,0,616,433,-3996,4748,14604,28.77,-843,34,-344,899,826,616
2552,-9004,13172,29.61,603,861,356,0,746,691,-3956,5496,14516,28.72,284,-85,-100,900,831,625
2856,-8432,13068,29.66,157,388,144,0,789,852,-3688,3620,14452,28.77,308,-35,-112,899,834,627
2700,-8552,12980,29.75,-226,657,311,0,806,899,-4112,4508,14744,28.81,-849,12,-99,901,834,631
2560,-8660,13060,29.71,-246,516,263,0,819,917,-4392,3832,15204,28.67,323,327,743,904,833,628
2448,-8760,12988,29.71,-137,304,250,1,817,931,-2996,3444,14612,28.72,171,-267,-765,906,823,616
2392,-8744,13012,29.71,-65,235,178,0,833,938,-3792,3908,14752,28.77,-579,84,86,906,825,619
2236,-8804,13008,29.66,-400,268,125,0,840,940,-3968,3980,14724,28.81,354,-186,-397,907,832,623
2192,-8920,12860,29.66,-434,264,60,0,847,947,-3752,4380,14840,28.67,2161,-141,766,907,833,632
2016,-8656,13132,29.71,-255,41,-106,0,855,950,-3892,4768,14564,28.81,-394,-80,-67,904,832,636
2032,-8740,12980,29.75,-275,-96,-214,0,860,956,-4296,5360,14588,28.77,692,-30,70,903,833,641
2124,-8924,12984,29.71,-213,79,-127,0,860,959,-4164,4060,14928,28.81,-1099,194,-852,901,836,646
1772,-8676,12760,29.71,-305,197,-17,0,848,957,-3940,4112,14780,28.67,-3474,1153,-3638,901,840,645
1884,-8508,13112,29.75,-270,240,131,0,847,951,-4776,6260,15656,28.72,193,4577,-4392,901,842,647
1748,-8848,13084,29.75,-266,44,-73,3,839,947,-800,9920,13780,28.72,3734,45,-754,902,840,639
2156,-8840,13132,29.80,-275,-190,-421,0,841,951,-1200,9324,11400,28.72,8715,1282,-1000,903,839,638
2056,-8916,13068,29.57,74,-187,-77,0,842,951,-14220,3892,14872,28.67,8097,2812,267,904,839,628
2116,-8972,12920,29.71,-412,-404,-219,0,841,958,-7732,7096,7912,28.77,8947,-1133,-474,902,839,626
1556,-8804,12836,29.61,-216,-186,134,4,832,958,-7360,3084,14168,28.77,11607,700,-2256,902,840,628
1868,-8656,13092,29.61,-146,-126,37,0,830,959,-3936,9492,6740,28.72,18050,-5410,-4895,901,840,635
1776,-9040,12868,29.66,-134,-143,-302,0,836,959,-6184,12064,6180,28.77,13662,-2323,-6696,901,841,635
1508,-8444,13096,29.71,83,664,272,0,840,958,-7508,7032,6764,28.81,4318,-1285,-4511,899,841,650
2340,-8956,13088,29.61,-19,249,-164,0,841,959,-10328,9980,6488,28.81,7439,-1438,-3544,897,842,650
2036,-8524,13316,29.66,-57,529,166,0,840,959,-9544,11408,1588,28.72,2380,-4496,-203,893,841,647
1964,-8800,13108,29.71,-281,-149,-485,0,841,961,-10600,13372,1428,28.72,4380,-3223,-351,893,842,655
1728,-8560,13096,29.61,-660,-99,82,0,843,954,-9972,9756,3228,28.77,12710,-12005,-5469,891,840,654
1436,-8396,13148,29.66,-498,-39,-115,0,838,952,-11928,12152,6908,28.77,3858,-8310,-3329,893,840,653
1776,-8888,12968,29.61,-282,-555,-145,0,837,953,-9988,9544,1848,28.72,1403,-2424,1080,893,842,656
1504,-9072,12904,29.61,-526,23,254,0,835,957,-8144,14896,-2272,28.72,-328,573,3224,892,841,661
1808,-8984,13016,29.66,-298,-57,-431,0,832,958,-9268,15320,-7000,28.77,-4016,2384,4975,895,842,661
1704,-8896,13092,29.71,-263,176,-310,0,826,957,-32768,32767,11908,28.72,-12415,-32768,32767,897,839,656
1788,-8956,12856,29.66,-360,213,-184,1,825,953,-5160,15944,-852,28.72,-9331,-19900,-10233,898,832,640
1564,-8864,13108,29.71,52,539,125,0,825,951,-2736,14804,9304,28.77,-5113,10101,3339,899,820,617
1536,20991,22272,29.71,18,88,-113,0,825,945,-6672,10328,10464,28.77,-5452,208,-1644,899,814,614
-6401,14847,-12032,29.66,-297,-212,-16,0,827,938,-5388,9652,10040,28.72,-7508,-4732,-7537,900,808,610
1188,-8540,13088,29.66,-40,13,-299,0,830,937,-6400,9272,10088,28.72,-1096,5860,-5287,900,813,631
1212,-8676,12956,29.71,-117,89,-148,0,830,938,-8632,7344,11088,28.67,1821,505,-5747,900,811,636
1468,-8788,13080,29.66,105,-160,385,0,832,940,-9296,7264,9980,28.67,1028,5493,-2509,901,797,619
1056,-8968,13224,29.66,408,-663,-431,0,828,940,-10696,7704,9408,28.67,-661,-1100,-3751,900,799,600
1508,-8484,13020,29.61,263,-652,115,0,829,944,-10520,7384,9512,28.67,-1114,-2298,-2875,901,781,582
1824,-8852,13408,29.71,908,-1838,-1267,0,831,946,-10428,6092,9560,28.67,434,-2547,-2577,902,777,571
3048,-8852,14456,29.75,708,-2912,82,0,831,946,-9716,6180,10212,28.67,88,675,-1446,903,755,542
2592,-7896,14108,29.71,970,-3121,-477,0,832,945,-10096,5796,10324,28.67,-376,1352,-1470,907,757,534
3672,-10604,10516,29.61,2002,-2264,2220,0,835,943,-10668,4836,9240,28.67,-910,392,-2283,905,763,541
-2352,-2264,2220,29.61,-2352,-2264,2220,0,838,944,-11364,4332,9516,28.67,-1613,-1285,-3222,906,754,539
5288,-6948,13144,29.71,33,-5635,2409,0,838,945,-10820,4308,10628,28.77,-1104,-1191,-4709,905,741,503
5320,-9752,12680,29.61,-1497,-4587,2963,0,839,944,-11348,3148,10440,28.72,-886,-757,-4393,905,730,382
5980,-7008,9932,29.66,2398,-8251,3002,0,841,943,-11424,876,9560,28.62,440,634,-4055,902,716,381
4200,-10916,12564,29.66,-1129,-8766,1082,0,840,942,-12588,836,9308,28.67,535,1786,-5243,900,705,370
10020,-13900,7652,29.57,4263,-15377,490,1,841,943,-12760,576,9548,28.67,-370,3349,-5610,902,708,366
-2368,-15377,490,29.57,-2368,-15377,490,0,840,945,-11364,-1600,8184,28.72,-876,3274,-4144,898,716,391
-2368,-15377,490,29.57,-2368,-15377,490,0,841,946,-12912,-4624,7368,28.72,-2079,4493,-4648,889,724,410
-2368,-15377,490,29.57,-2368,-15377,490,0,836,947,-13160,-784,6872,28.67,-1233,1718,-1449,889,727,426
-2368,-15377,490,29.57,-2368,-15377,490,0,834,946,-14416,-248,8388,28.58,-1151,-2325,-450,887,686,399
-2368,-15377,490,29.57,-2368,-15377,490,0,825,948,-13056,-1992,7968,28.62,-1779,-3455,-85,884,676,386
9252,-8616,10088,29.71,-1479,1009,-1389,4,827,948,-12852,-3680,8576,28.62,-2395,-2413,-778,872,643,289
8824,-9256,9948,29.57,-705,672,-1624,0,824,948,-12564,-3436,8860,28.72,-1075,-2093,-643,860,526,203
9324,-8884,10256,29.66,-271,-189,-966,0,826,947,-12184,-3300,9604,28.62,-2268,-3227,-538,841,445,138
9412,-8712,10132,29.71,233,-66,-379,0,828,948,-11252,-4360,9988,28.62,-3094,-5994,-119,829,424,151
9512,-8788,10188,29.61,1283,-756,57,0,832,943,-10348,-3332,11996,28.72,-2639,-4288,-598,834,443,163
7924,-12940,11844,29.66,-994,-1324,-2169,0,833,941,-10168,-4852,10772,28.58,235,-2633,2128,832,451,168
8976,-7448,11032,29.71,560,-235,717,0,834,939,-9380,-3608,12636,28.58,101,-1415,3370,827,437,183
9716,-8396,10792,29.61,1466,-352,2173,0,834,935,-9572,-2724,11440,28.67,-239,564,2668,812,388,168
9988,-8964,10692,29.61,3980,1459,4576,1,831,933,-9796,-3408,10052,28.62,-1976,-138,3863,816,370,154
7108,-7844,12656,29.66,5349,612,1834,0,832,922,-9736,-4176,13312,28.58,-3960,-7198,3565,832,335,152
7228,-6576,12128,29.66,4520,724,3264,0,828,902,-9152,-3872,13028,28.58,-2817,-6576,1705,842,440,153
6656,-7404,10528,29.61,-1194,2193,2833,0,808,824,-6404,-2400,14952,28.58,-115,-3691,3288,864,499,204
4952,-7228,14712,29.61,2887,1000,4531,0,803,769,-6160,-1868,15000,28.67,1640,-434,-120,871,462,226
6012,-6896,14660,29.57,-177,1020,3179,0,802,680,-5424,-3308,14320,28.58,-1060,107,494,874,503,235
4428,-7876,14196,29.66,652,-1650,2885,0,790,651,-6708,-2396,12992,28.53,-303,3699,191,873,463,192
6388,-7912,13276,29.61,-4154,-1076,2848,0,763,617,-8632,-3996,13360,28.53,-939,4594,326,869,442,144
4172,-8528,14852,29.66,-5159,-1441,2642,0,748,546,-8704,-5308,12288,28.58,538,7005,-524,863,386,131
3444,-6888,13652,29.57,5226,821,2795,0,741,496,-9732,-3292,11592,28.58,1382,2471,258,865,392,107
3244,-6716,14500,29.61,8039,1488,1335,0,736,454,-9776,-2260,11908,28.48,963,-4097,1592,880,359,149
1180,-5452,17376,29.52,4445,575,2713,0,715,396,-6696,-3404,11440,28.58,2006,-6080,4424,884,411,166
1540,-4500,16112,29.47,13719,-318,-1811,0,716,392,-7000,-4292,12736,28.58,1346,4627,-844,886,443,168
16580,-10224,26000,29.57,-32768,4937,32767,0,708,388,-10568,-1464,14000,28.58,-9667,11269,-7448,884,439,162
1248,552,13604,29.61,-11590,1619,-590,0,669,382,-5628,-5956,10240,28.53,-1768,-7417,3156,881,435,181
3592,-5080,14088,29.61,-15581,4875,1392,0,662,367,-10440,-4028,12396,28.58,-1190,-6777,9461,874,344,161
520,-7528,16044,29.57,-712,2546,311,0,664,367,-10608,-3100,12560,28.67,-2361,-4254,3777,862,305,97
-1884,-4752,11688,29.57,71,3869,2840,0,656,368,-7808,-3780,13024,28.62,1196,-1283,2002,841,326,63
-944,-8584,12340,29.47,-1494,3242,1392,0,660,375,-8808,-1928,12796,28.53,-672,50,-2261,853,346,104
-2400,3242,1392,29.47,-2400,3242,1392,0,664,377,-7600,-4004,12348,28.48,-1370,95,-1445,857,355,108
-2400,3242,1392,29.47,-2400,3242,1392,0,656,375,-6444,-3924,11944,28.53,-138,-715,195,857,358,100
-2400,3242,1392,29.47,-2400,3242,1392,0,632,379,-7612,-4444,12908,28.53,-155,7168,-3831,856,357,91
-2400,3242,1392,29.47,-2400,3242,1392,0,624,382,-9012,-3792,11332,28.58,4595,1437,-6167,855,372,97
-2400,3242,1392,29.47,-2400,3242,1392,0,629,393,-9144,-3392,11200,28.48,4612,6450,-3343,859,359,98
-2400,3242,1392,29.47,-2400,3242,1392,0,642,385,-11116,-3968,9776,28.58,1459,9965,-5842,864,368,121
-2400,3242,1392,29.47,-2400,3242,1392,0,637,397,-10236,-3600,7800,28.53,-725,-1922,-92,859,359,129
-2400,3242,1392,29.47,-2400,3242,1392,0,644,397,-10916,-4168,9152,28.58,814,736,-207,852,394,130
-2400,3242,1392,29.47,-2400,3242,1392,0,642,411,-10688,-4276,9884,28.53,1892,1208,628,818,393,96
-2400,3242,1392,29.47,-2400,3242,1392,0,641,394,-11412,-4208,9896,28.53,2563,-395,1449,797,400,123
-5008,-7864,12348,29.42,-613,-71,-469,0,647,402,-11384,-3436,9972,28.44,326,-707,2214,784,376,115
-5108,-8692,11792,29.47,301,406,-266,0,659,386,-12680,-2768,9628,28.39,2216,3586,1793,846,373,121
-4840,-7404,12412,29.57,820,676,354,0,655,381,-13408,-2412,9540,28.39,5929,-2377,2350,914,385,114
-5012,-8140,12108,29.47,-795,545,-980,0,683,380,-10348,552,7820,28.53,-6717,3850,7125,447,321,63
-4612,-8416,12668,29.42,-1141,-1574,-1159,0,691,412,-10236,-1100,11252,28.48,1830,3944,3094,323,297,80
-3860,-9328,12004,29.47,-716,-1450,-1096,0,705,406,-11060,-524,11056,28.44,4371,1586,-212,257,328,71
-4000,-7476,11696,29.52,-3346,44,-425,0,708,412,-9612,-300,10464,28.48,-3015,1462,-960,239,327,73
-4860,-8492,12524,29.42,-1561,2006,146,0,675,413,-10164,4,12196,28.48,-5754,-1768,-2008,223,328,72
-5440,-8216,12028,29.42,462,1290,440,0,678,421,-10688,-2616,11304,28.34,-6085,4367,-2787,218,337,81
-5180,-7908,12164,29.33,-269,1847,57,0,675,430,-8352,-4088,10736,28.53,1380,-99,-6007,222,356,87
-4540,-8700,11624,29.42,1274,2391,-1055,0,701,433,-9932,-3904,11356,28.48,-4315,-5485,-4385,204,359,79
-3940,-8572,16288,29.42,4127,-6696,-2399,0,717,435,-9860,-7408,10460,28.48,-14678,-5239,-5757,202,360,73
-1152,5492,2500,29.47,-4920,29797,14879,0,720,432,-9708,-7880,10276,28.34,-4099,-4183,-2123,209,350,56
-7484,-7628,9032,29.52,504,2383,-1280,0,720,405,-8844,-7844,10864,28.44,-113,-2321,-1472,205,363,59
-5676,-6588,8992,29.42,-2854,-616,-228,0,719,407,-7896,-7656,12364,28.39,-5006,-3998,-5803,208,369,66
-7308,-7992,10928,29.42,-985,39,-647,0,713,405,-4236,-8620,10600,28.39,-4702,-4595,443,201,360,49
-7292,-8136,11080,29.42,-550,150,-238,0,713,405,-7676,-9992,10944,28.48,4138,153,2815,204,361,51
-7276,-8012,10832,29.33,-456,127,-200,0,699,399,-6524,-3472,8900,28.58,6919,14286,3184,195,379,66
-7156,-7848,10668,29.47,-339,347,-109,0,662,395,-13968,-3276,2060,28.39,-11779,-4610,18240,192,367,57
-7124,-7804,10212,29.47,11,19,5,0,663,394,-7980,-7308,11952,28.48,8562,18717,-664,194,368,59
-7308,-8000,10908,29.38,-268,67,-139,0,689,395,-5632,-8284,12968,28.39,3316,4719,-275,199,379,63
-7356,-8132,10956,29.38,-161,-118,-223,3,697,404,-5540,-8004,12668,28.39,-1537,-2430,382,204,378,49
-7136,-7872,10412,29.38,-27,-197,-173,0,703,390,-6024,-7684,12452,28.39,-1534,-2251,274,204,386,54
-8920,-7024,10748,29.42,-9512,-605,-1382,0,705,370,-6092,-7848,12204,28.44,-542,-812,152,203,379,62
-8428,-10404,13296,29.33,-1739,922,483,0,709,396,-5972,-7784,12384,28.39,-178,-249,187,208,373,69
-6688,-6552,9448,29.38,-584,527,366,1,705,385,-5884,-7744,12396,28.44,-193,-209,132,210,373,77
-8476,-8448,10840,29.38,1821,997,-1190,0,717,387,-5788,-7836,12380,28.29,-167,-248,67,213,370,73
-4164,-7316,14492,29.38,4029,1120,-2253,0,707,392,-5808,-7904,12488,28.29,-73,-95,85,208,370,59
-9116,-6692,7632,29.52,-3826,1047,2714,0,720,383,-5880,-7764,12412,28.39,-91,-149,83,204,375,63
-8612,-7144,14288,29.42,10011,-4262,1152,0,714,406,-5780,-7852,12372,28.39,-135,-69,41,209,380,63
-5432,-2764,12320,29.38,-3287,-6311,3735,0,721,400,-5876,-7892,12388,28.25,-97,-85,86,209,386,66
-5656,-10352,12076,29.42,-464,-4596,-81,1,793,386,-5768,-7892,12388,28.29,-36,53,74,215,385,75
-5116,-6996,11216,29.33,5701,-4721,384,0,480,375,-5832,-7808,12620,28.29,-79,-112,47,213,387,71
-4388,-5064,13976,29.33,14,-5159,-3485,0,418,376,-5816,-7884,12528,28.39,-54,-54,68,218,382,75
-3380,-4940,13640,29.33,1147,-2924,-298,0,330,372,-5704,-7808,12440,28.29,-54,-100,34,207,384,78
-1952,-6104,12868,29.38,-461,-2250,4703,0,316,382,-5860,-7860,12344,28.39,-154,-209,59,207,391,75
-3192,-6440,13148,29.28,-679,2070,2315,0,324,396,-5788,-7816,12452,28.25,-201,-349,72,206,392,80
-2836,-3432,13436,29.33,2922,1458,2179,0,339,390,-5692,-7860,12436,28.29,-39,-44,-6,208,381,89
-6208,-2432,15552,29.28,5122,4785,2307,0,343,405,-5708,-7876,12404,28.34,-69,-106,31,208,381,85
-3468,-4764,15504,29.38,-4742,-798,-1193,0,346,379,-5720,-7848,12356,28.25,-39,-52,20,208,384,75
-3432,-3184,13496,29.33,11892,1214,-3342,0,319,391,-5624,-7856,12360,28.25,-77,-159,-27,211,387,90
-3052,-3780,14156,29.28,-6003,-668,358,0,321,399,-5664,-7900,12468,28.34,-7,-55,24,208,388,81
-3788,-3924,14308,29.28,-1100,53,-62,0,322,388,-5620,-7844,12660,28.34,-33,-10,23,206,393,78
-3744,-4264,14140,29.24,-2968,-388,51,0,325,386,-5652,-7848,12460,28.25,-67,-61,6,204,384,70
-2644,-6500,13576,29.24,-1523,161,-503,0,325,382,-5740,-7880,12600,28.29,-44,-57,-21,208,388,70
-5452,-3540,14652,29.33,412,-1178,-1013,0,328,372,-5556,-7908,12436,28.29,-3,-50,-5,201,390,60
-2196,-5012,14672,29.24,2038,-546,-267,2,323,369,-5656,-7832,12404,28.15,-18,-11,39,200,397,69
-2856,-2868,13236,29.24,1019,220,-1226,0,323,372,-5632,-7908,12540,28.34,-19,-22,13,202,399,73
-292,-176,6584,29.24,-5046,-3240,2300,0,330,369,-5704,-7892,12524,28.15,-41,-40,10,197,395,76
-5588,-5036,19340,29.24,-990,4425,3601,0,319,382,-5684,-7864,12496,28.25,-41,-32,9,197,398,70
-4860,-5820,13588,29.28,-5756,1558,3654,0,326,383,-5628,-7876,12376,28.25,-51,-47,0,191,403,71
-6044,-6228,12836,29.24,2470,799,1328,0,331,380,-5596,-7936,12344,28.20,-28,-3,-8,195,400,72
-2960,-6400,12848,29.33,-11533,-3287,4762,0,338,381,-5572,-7888,12384,28.25,-40,-16,-6,193,404,74
-5628,-5856,13272,29.19,1385,575,488,0,338,388,-5684,-7944,12420,28.25,-68,-63,-5,193,402,73
-4064,-5812,14276,29.09,-312,-82,157,0,336,390,-5608,-7872,12460,28.29,-48,-59,-22,193,394,75
-4408,-5664,13904,29.24,-66,31,-206,0,333,393,-5568,-7796,12532,28.29,-35,-31,-8,193,396,76
-4232,-5600,13728,29.28,-177,3,-238,0,334,392,-5592,-7852,12448,28.20,-29,-42,15,190,395,70
-4328,-5496,13736,29.19,-226,33,-132,0,334,392,-5588,-7920,12540,28.25,-52,3,8,187,404,72
-4316,-5476,13756,29.24,-134,23,-191,0,335,389,-5676,-7888,12544,28.25,-35,-6,2,183,408,70
-4332,-5540,13676,29.24,-275,23,-240,0,337,386,-5468,-7876,12484,28.20,-22,1,-2,179,415,70
-4292,-5476,13656,29.28,-287,22,-234,0,336,390,-5596,-7796,12516,28.15,-35,-2,11,180,412,74
-4228,-5552,13840,29.14,-274,-41,-215,0,334,398,-5640,-7928,12452,28.29,-25,3,13,175,413,72
-4348,-5580,13620,29.24,-282,31,-135,0,329,396,-5604,-7816,12700,28.25,-27,-6,31,178,415,68
-4252,-5544,13836,29.28,-287,15,-222,0,322,390,-5732,-7956,12564,28.15,-61,-25,-18,179,415,76
-4260,-5624,13816,29.09,-265,-4,-245,0,325,385,-5568,-7812,12524,28.15,-15,-29,-8,178,412,80
-4276,-5552,13604,29.14,-252,-7,-212,0,330,392,-5556,-7844,12280,28.15,-31,-37,-7,178,413,82
-4300,-5612,13880,29.19,-260,-28,-183,0,327,395,-5684,-7944,12488,28.20,-44,-25,1,179,408,80
-4292,-5604,13648,29.14,-238,-28,-192,0,332,395,-5604,-7948,12432,28.11,-35,-36,-20,177,409,83
-4344,-5640,13612,29.14,-260,-8,-219,0,331,393,-5532,-7904,12484,28.20,-23,-4,-10,181,407,88
-4376,-5636,13796,29.19,-223,-24,-246,0,332,393,-5688,-7892,12612,28.06,-43,-33,8,185,405,86
-4284,-5600,13588,29.14,-252,-7,-207,0,327,395,-5612,-7840,12452,28.15,-44,-21,5,180,410,86
-4352,-5592,13744,29.14,-238,-21,-160,0,330,395,-5656,-7864,12512,28.20,-22,-15,16,180,410,79
-4356,-5628,13780,29.28,-201,-42,-189,0,328,399,-5592,-7920,12552,28.20,-26,-8,-3,181,414,80
-4308,-5640,13716,29.19,-250,-48,-241,0,329,398,-5552,-7832,12556,28.15,-41,-25,8,179,412,79
-4244,-5616,13580,29.14,-252,-7,-241,0,327,400,-5704,-7876,12520,28.06,-53,-18,9,181,415,74
-4296,-5536,13672,29.09,-275,11,-178,0,327,399,-5648,-7876,12624,28.11,-35,-23,-7,178,413,75
-4296,-5612,13700,29.09,-265,5,-173,0,325,396,-5536,-7804,12492,28.11,-48,-24,7,180,418,79
-4264,-5588,13712,29.14,-237,-2,-195,0,329,398,-5572,-7832,12452,28.15,-49,-30,-2,179,409,93
-4320,-5708,13768,29.00,-193,19,-248,0,325,396,-5564,-7824,12444,28.15,-36,-42,4,179,409,95
-4380,-5668,13596,29.14,-237,-27,-231,0,325,395,-5628,-7980,12540,28.01,-55,-12,-7,181,409,98
-4304,-5556,13712,29.05,-236,-12,-187,0,328,394,-5700,-7928,12560,28.11,-28,-11,2,182,412,99
-4324,-5576,13684,29.09,-250,-22,-180,0,326,392,-5640,-7868,12568,28.15,-43,-16,-13,182,407,95
-4276,-5636,13532,29.05,-217,11,-163,0,329,389,-5656,-7848,12516,28.15,-46,-5,0,185,408,96
-4344,-5596,13684,29.05,-256,-14,-233,0,333,390,-5676,-7960,12588,28.11,-57,-125,-51,184,406,95
-4312,-5604,13632,29.09,-200,-16,-249,0,328,393,-5636,-7900,12660,28.06,-51,-64,14,182,401,86
-4256,-5568,13700,29.09,-270,0,-213,0,329,393,-5676,-7912,12460,28.06,-27,2,3,178,418,94
-4272,-5688,13768,29.05,-278,-2,-132,0,332,397,-5652,-7844,12512,28.11,-41,9,42,178,413,83
-4332,-5648,13832,29.09,-265,0,-142,0,339,392,-5644,-7844,12492,28.06,-36,17,20,180,416,92
-4340,-5604,13632,29.05,-234,68,-227,0,340,396,-5540,-7816,12536,28.06,-40,-43,4,180,416,96
-4296,-5692,13792,29.00,-257,-2,-218,0,341,378,-5620,-7908,12400,28.11,-51,-12,10,180,418,99
-4444,-5648,13620,29.14,-280,-16,-235,0,342,386,-5592,-7872,12492,28.11,-49,-22,16,182,418,105
-4344,-5608,13676,29.05,-281,3,-156,0,342,386,-5668,-7840,12484,28.01,-68,-29,-13,182,420,105
-4400,-5620,13584,29.09,-200,13,-161,0,348,393,-5632,-7964,12560,28.15,-44,-18,-12,183,424,104
-4428,-5628,13628,28.95,-304,2,-230,0,347,392,-5624,-7856,12656,28.06,-49,-30,8,185,424,99
-4280,-5636,13864,29.09,-256,-5,-263,0,351,384,-5512,-7860,12436,28.11,-27,-29,3,186,416,82
-4224,-5608,13684,29.05,-255,-18,-181,0,351,382,-5548,-7944,12584,28.01,-42,1,-8,187,421,89
-4356,-5684,13688,28.95,-262,-28,-156,0,347,386,-5508,-7880,12496,27.97,-29,-17,-3,191,422,86
-4376,-5620,13656,28.91,-227,-17,-177,0,350,382,-5624,-7924,12472,28.06,-30,-11,-2,192,418,91
-4328,-5640,13816,28.95,-226,-9,-229,0,348,388,-5500,-7824,12468,28.11,-40,54,-14,188,419,87
-4312,-5740,13644,28.95,-255,-2,-240,0,358,389,-5564,-7852,12468,28.01,-16,-7,22,189,418,86
-4296,-5704,13644,29.00,-258,-29,-215,0,356,390,-5540,-7820,12508,28.06,1,-38,33,189,416,83
-4328,-5640,13828,29.05,-274,-10,-150,0,356,390,-5624,-7908,12664,28.06,-25,-27,-5,189,416,87
-4380,-5668,13756,28.95,-271,-16,-145,0,355,386,-5588,-7824,12424,28.01,-31,4,1,193,420,80
-4384,-5680,13764,29.00,-236,2,-225,0,356,384,-5608,-7900,12384,28.06,-63,26,-54,192,422,77
-4300,-5600,13572,29.05,-237,3,-207,0,354,381,-5604,-7812,12440,27.97,-45,9,1,191,423,74
-4412,-5600,13560,28.91,-142,-48,-173,0,360,380,-5552,-7824,12556,28.01,-26,-9,12,189,421,77
-4332,-5684,13684,29.00,-265,12,-130,0,359,389,-5612,-7848,12452,28.01,-49,-19,-17,186,417,79
-4400,-5632,13752,29.05,-211,17,-191,0,359,394,-5628,-7800,12604,27.92,-37,26,-11,183,416,77
-4312,-5616,13720,28.95,-237,-9,-195,0,357,391,-5632,-7896,12620,28.06,-43,18,-22,188,419,77
-4328,-5632,13652,29.00,-249,13,-215,0,357,391,-5580,-7920,12548,27.97,-52,-9,-13,187,418,71
-4296,-5676,13780,28.95,-230,1,-201,0,359,389,-5640,-7824,12508,28.06,-20,-26,4,188,416,73
-4388,-5652,13832,29.00,-252,13,-153,0,362,391,-5580,-7852,12372,28.01,-30,-30,-12,191,410,81
-4420,-5704,13772,29.00,-261,64,-76,0,365,376,-5652,-7876,12608,28.01,-72,-44,4,192,414,77
-4272,-5436,13508,28.86,-259,28,-251,0,360,381,-5692,-7912,12456,27.97,-49,-38,-12,191,418,84
-4324,-5612,13596,28.91,-226,14,-260,0,359,382,-5684,-7944,12552,27.87,-53,-5,17,191,418,83
-4452,-5592,13508,28.95,-253,20,-215,0,363,383,-5564,-7952,12584,27.87,-62,-13,3,189,414,78
-4428,-5660,13708,28.95,-250,7,-132,0,364,377,-5608,-8028,12424,28.01,-9,-11,-10,187,415,80
-4376,-5636,13660,28.91,-273,7,-176,0,361,389,-5584,-7856,12456,28.01,-25,-30,-16,187,416,81
-4376,-5688,13660,28.86,-262,-15,-242,0,362,392,-5652,-7956,12504,28.01,-26,-22,-12,187,412,81
-4400,-5628,13692,29.00,-254,-2,-242,2,362,393,-5672,-7864,12508,28.01,-38,8,-10,187,408,76
-4360,-5700,13616,28.86,-248,-26,-189,0,363,396,-5560,-7764,12616,27.97,-26,35,6,190,416,77
-4480,-5584,13736,28.95,-241,-11,-123,0,363,393,-5484,-7908,12524,27.97,-18,-38,18,190,419,81
-4444,-5584,13696,28.86,-247,-12,-164,0,363,399,-5752,-7872,12596,27.92,-25,-2,11,190,417,79
-4452,-5676,13636,28.81,-232,-5,-217,0,365,396,-5612,-7828,12604,27.92,-42,-35,7,190,417,81
-4360,-5708,13620,28.86,-283,12,-235,0,364,396,-5552,-7836,12468,27.87,-44,-6,14,190,419,82
-4392,-5668,13872,28.81,-252,-26,-180,0,364,397,-5584,-7788,12484,27.97,-26,-14,6,191,417,77
-4288,-5744,13660,28.81,-254,-4,-166,0,361,396,-5716,-7824,12512,27.92,-40,-6,-4,191,413,73
-4368,-5708,13620,28.86,-262,-6,-212,0,359,394,-5632,-7884,12460,28.01,-26,-26,-13,191,415,83
-4492,-5624,13840,28.91,-240,-11,-240,4,357,391,-5564,-7820,12540,27.87,-38,-6,-21,189,415,77
-4392,-5636,13756,28.81,-240,3,-227,0,364,396,-5652,-7960,12432,27.87,19,-32,67,192,415,68
-4436,-5636,13644,28.95,-270,14,-206,0,362,399,-5588,-7880,12464,27.97,-55,-51,-7,191,417,71
-4408,-5660,13700,28.81,-262,-4,-137,0,364,392,-5624,-8012,12560,27.92,-45,1,-39,188,411,64
-4416,-5688,13708,28.95,-246,-7,-153,0,365,387,-5652,-7884,12424,27.92,-45,13,0,190,416,66
-4484,-5716,13488,28.91,-256,-5,-199,0,365,385,-5532,-7816,12448,27.87,-30,3,-33,189,414,68
-4388,-5628,13612,28.86,-240,-14,-215,0,369,385,-5672,-7860,12468,27.87,-39,-26,-1,189,414,69
-4492,-5568,13768,28.86,-283,-5,-203,0,369,382,-5604,-7916,12388,27.82,-44,-34,15,188,414,68
-4432,-5664,13468,28.86,-233,-27,-171,0,369,395,-5576,-7960,12592,27.92,-54,-13,-4,189,415,70
-4432,-5712,13668,28.86,-234,4,-151,0,372,395,-5620,-7860,12592,27.82,-31,-30,10,188,414,65
-4516,-5728,13708,28.81,-247,-2,-202,0,372,392,-5632,-7804,12424,27.92,-43,-39,-1,187,413,58
-4348,-5704,13620,28.77,-242,-27,-243,0,373,388,-5672,-7852,12488,27.87,-65,-1,-30,190,415,60
-4412,-5668,13608,28.77,-247,12,-221,0,377,384,-5644,-7940,12616,27.87,-24,-28,6,189,410,57
-4412,-5672,13684,28.81,-242,14,-150,0,375,384,-5624,-7912,12432,27.92,-58,-38,4,189,410,62
-4364,-5624,13688,28.77,-265,-22,-149,0,373,393,-5616,-7948,12480,27.78,-60,3,-10,193,411,61
-4408,-5640,13664,28.77,-249,6,-203,0,374,388,-5624,-7976,12540,27.87,-50,-14,-17,192,413,61
-4344,-5688,13620,28.81,-261,-4,-255,0,378,390,-5640,-7808,12564,27.87,-39,-49,-10,190,411,63
-4456,-5728,13620,28.86,-260,-4,-211,0,377,391,-5612,-7896,12552,27.87,-56,-23,-15,194,410,59
-4356,-5684,13752,28.72,-250,-11,-134,0,378,387,-5600,-7876,12540,27.97,-54,0,5,193,413,55
-4432,-5548,13584,28.81,-219,-3,-196,0,380,385,-5560,-7916,12472,27.92,-43,-24,-8,191,410,63
-4492,-5660,13616,28.77,-254,9,-205,0,378,393,-5628,-7948,12504,27.87,-24,-21,-12,192,409,65
-4320,-5716,13712,28.72,-237,18,-218,0,376,395,-5520,-7888,12436,27.87,-31,-15,-12,194,413,67
-4412,-5636,13632,28.81,-238,-23,-242,0,376,387,-5576,-7864,12568,27.87,-46,-24,-4,194,413,66
-4344,-5668,13656,28.86,-252,-4,-173,0,378,387,-5700,-7900,12496,27.78,-52,-30,5,194,412,67
-4376,-5672,13680,28.81,-275,-5,-164,0,377,384,-5580,-7872,12320,27.82,-59,-32,4,193,411,63
-4488,-5660,13556,28.77,-198,-6,-204,0,375,384,-5624,-7920,12328,27.87,-43,-30,-28,195,408,61
-4296,-5616,13720,28.72,-277,-2,-209,0,373,385,-5540,-7884,12416,27.82,-64,-44,11,195,408,60
-4404,-5712,13708,28.72,-241,-18,-196,0,374,383,-5548,-7884,12572,27.87,-24,24,-6,195,411,60
-4368,-5660,13688,28.77,-228,-14,-179,0,373,384,-5548,-7956,12540,27.87,-12,-24,18,193,410,59
-4408,-5632,13620,28.77,-256,-7,-160,0,373,389,-5556,-7900,12592,27.78,-33,-48,7,195,411,59
-4520,-5592,13620,28.62,-224,1,-178,0,373,388,-5584,-7912,12448,27.92,-101,18,-51,196,411,65
-4400,-5656,13748,28.67,-263,-33,-221,0,370,388,-5684,-7928,12436,27.87,-53,4,-19,196,410,64
-4332,-5628,13596,28.62,-231,1,-214,0,371,388,-5520,-7916,12440,27.73,-19,32,-1,193,410,61
-4436,-5672,13648,28.67,-232,-8,-184,0,371,391,-5632,-7836,12576,27.78,-34,-8,2,192,422,65
-4440,-5600,13668,28.72,-257,-6,-160,0,370,389,-5568,-7764,12612,27.78,-38,13,-2,190,423,63
-4332,-5648,13708,28.77,-272,-35,-207,3,371,388,-5560,-8000,12480,27.82,-25,-24,-8,191,429,62
-4528,-5660,13888,28.77,-256,-7,-245,0,369,386,-5684,-7828,12496,27.87,-57,-6,2,191,426,62
-4392,-5672,13564,28.62,-235,22,-234,0,369,388,-5588,-7848,12544,27.78,-43,-21,10,194,425,65
-4428,-5692,13668,28.72,-247,-21,-163,0,368,386,-5428,-7936,12556,27.87,-37,-28,-28,195,425,62
-4508,-5712,13776,28.67,-237,-12,-145,0,367,387,-5624,-7908,12508,27.78,-40,-30,6,194,426,57
-4396,-5712,13720,28.67,-236,-17,-190,0,367,387,-5592,-7888,12440,27.82,-24,-24,23,191,425,54
-4508,-5648,13568,28.62,-265,-13,-228,0,366,383,-5592,-7900,12516,27.82,-41,13,-7,192,427,56
-4468,-5716,13676,28.67,-240,-18,-212,0,366,389,-5508,-7888,12508,27.87,-37,-11,1,195,427,52
-4376,-5552,13692,28.77,-232,-22,-152,0,360,390,-5648,-7888,12588,27.87,-55,-14,-18,196,423,55
-4352,-5732,13620,28.72,-258,-15,-179,0,361,388,-5620,-7940,12404,27.68,-31,-4,-1,192,420,53
-4472,-5668,13736,28.62,-258,5,-223,0,364,388,-5736,-8072,12576,27.73,-46,-33,-12,192,423,53
-4460,-5608,13740,28.67,-258,-16,-242,0,366,389,-5684,-7848,12460,27.73,-29,-7,-6,191,420,55
-4408,-5736,13596,28.58,-254,7,-206,0,369,376,-5624,-7848,12448,27.68,-34,-26,3,189,421,56
-4332,-5716,13576,28.53,-252,-29,-160,0,368,392,-5584,-7948,12532,27.73,-47,-36,2,188,420,58
-4444,-5628,13608,28.67,-239,-18,-153,0,366,389,-5568,-7896,12412,27.82,-33,-31,-11,185,417,60
-4436,-5744,13676,28.62,-232,7,-234,0,366,388,-5616,-7780,12632,27.73,-37,-49,-10,188,418,59
-4416,-5688,13664,28.62,-226,9,-230,0,367,380,-5668,-7900,12532,27.82,-35,-9,-26,191,420,57
-4504,-5684,13620,28.58,-239,-30,-238,0,363,375,-5588,-7916,12356,27.78,-48,-14,-3,189,417,61
-4408,-5656,13592,28.62,-230,-27,-165,0,365,375,-5520,-7928,12516,27.78,-48,14,-2,188,418,61
-4464,-5704,13644,28.72,-221,-8,-159,0,366,379,-5592,-7856,12468,27.82,-47,-7,13,187,422,50
-4460,-5604,13752,28.67,-257,11,-205,0,367,380,-5636,-7888,12660,27.73,-28,-28,-20,190,420,50
-4484,-5640,13656,28.72,-185,86,-267,0,371,382,-5624,-7940,12584,27.78,-29,0,-10,190,419,51
-4612,-5704,13552,28.62,-228,-47,-231,0,371,383,-5560,-7832,12536,27.68,-40,-26,-5,191,415,49
-4432,-5752,13720,28.58,-254,-44,-186,0,368,382,-5544,-7928,12588,27.78,-16,-34,-11,192,413,51
-4356,-5740,13724,28.48,-274,-9,-184,0,371,380,-5608,-8012,12420,27.78,-64,-48,8,191,416,51
-4388,-5644,13660,28.62,-226,27,-188,0,369,382,-5564,-7928,12504,27.82,-57,-1,-12,190,415,53
-4436,-5656,13672,28.67,-242,9,-211,0,368,388,-5580,-7956,12556,27.73,-49,5,-23,191,414,55
-4400,-5760,13676,28.53,-261,-33,-230,0,366,389,-5568,-7972,12508,27.78,-30,-8,-2,189,415,56
-4496,-5604,13644,28.53,-241,-4,-154,0,363,383,-5596,-7844,12492,27.64,-23,-35,-10,190,415,57
-4496,-5680,13632,28.58,-251,-15,-172,0,363,384,-5528,-7952,12412,27.73,-24,-22,1,190,411,61
-4480,-5628,13596,28.62,-246,-7,-178,0,365,383,-5644,-7872,12520,27.68,-62,-15,-5,191,415,61
-4448,-5780,13668,28.58,-247,-5,-233,0,363,382,-5608,-7900,12584,27.68,-55,-6,9,192,414,59
-4596,-5780,13700,28.53,-255,18,-239,0,362,388,-5624,-7812,12412,27.64,-30,12,7,194,416,59
-4508,-5672,13648,28.53,-261,-12,-156,0,362,383,-5556,-7948,12452,27.73,-44,-13,-13,193,414,60
-4528,-5628,13708,28.58,-250,-19,-163,0,362,383,-5700,-7916,12544,27.73,-46,-19,8,193,419,61
-4496,-5704,13732,28.58,-246,12,-209,0,364,383,-5684,-7920,12600,27.68,-27,-10,10,192,417,61
-4516,-5716,13552,28.44,-242,-28,-230,0,365,380,-5596,-7932,12648,27.68,-25,-50,-9,193,416,61
-4496,-5672,13544,28.53,-239,-6,-222,0,364,377,-5684,-7848,12500,27.78,-60,7,-14,192,413,58
-4464,-5628,13584,28.58,-265,-17,-148,0,363,371,-5564,-8008,12520,27.64,-44,-31,11,193,415,56
-4468,-5692,13700,28.53,-247,-9,-160,0,366,378,-5600,-7860,12520,27.64,-38,-26,-10,191,415,55
-4520,-5720,13540,28.58,-249,-26,-196,0,365,379,-5564,-7888,12444,27.73,-38,-7,4,189,415,60
-4424,-5584,13644,28.48,-248,10,-226,0,364,366,-5580,-7928,12616,27.59,-39,-34,7,191,417,59
-4472,-5708,13740,28.53,-282,-13,-200,0,364,361,-5608,-7880,12644,27.68,-51,-36,-23,190,412,59
-4412,-5668,13544,28.53,-245,-3,-152,0,364,367,-5616,-7848,12348,27.68,-24,-5,-10,190,420,59
-4476,-5632,13660,28.58,-264,-10,-167,0,365,374,-5556,-7960,12512,27.64,-35,-26,-19,189,418,58
-4448,-5688,13564,28.53,-261,4,-229,0,363,376,-5632,-7900,12584,27.64,-24,-27,6,190,422,55
-4452,-5756,13632,28.48,-256,-2,-215,0,364,375,-5480,-7960,12440,27.68,-53,-24,-13,193,424,59
-4360,-5744,13680,28.53,-237,-2,-228,0,368,378,-5648,-7920,12628,27.68,-24,-7,-11,207,420,58
-4548,-5660,13748,28.48,-250,-5,-161,0,365,377,-5660,-7924,12576,27.68,-43,-3,13,209,419,63
-4492,-5632,13548,28.44,-252,5,-178,0,363,387,-5656,-7944,12524,27.64,-35,-15,3,211,417,60
-4448,-5704,13668,28.48,-248,-19,-191,0,362,387,-5604,-7932,12532,27.64,-31,12,-11,212,414,61
-4400,-5668,13628,28.48,-249,-16,-221,0,363,397,-5652,-7936,12576,27.64,-27,-8,-17,216,415,63
-4424,-5700,13688,28.44,-248,-9,-203,0,365,394,-5620,-7932,12464,27.68,-30,-27,-18,211,414,62
-4432,-5756,13616,28.39,-255,7,-166,0,363,390,-5596,-7900,12636,27.59,-27,-9,-11,211,414,60
-4528,-5704,13628,28.48,-233,-11,-147,0,366,390,-5580,-7900,12476,27.59,-31,-38,-1,212,417,58
-4420,-5704,13712,28.44,-238,14,-179,0,366,388,-5596,-7844,12492,27.45,-39,-15,-5,208,417,58
-4384,-5708,13616,28.39,-263,-7,-227,0,366,388,-5664,-7888,12592,27.64,-33,-13,-17,211,417,59
-4544,-5656,13812,28.44,-252,11,-225,0,363,383,-5628,-7920,12580,27.64,-25,-39,2,213,414,72
-4496,-5696,13636,28.44,-246,-13,-172,0,367,381,-5728,-7940,12584,27.68,-52,-16,-9,217,413,70
-4472,-5740,13580,28.39,-241,-5,-146,0,366,390,-5604,-7904,12608,27.68,-10,-21,-10,214,418,72
-4516,-5616,13604,28.44,-265,-17,-186,0,365,390,-5516,-7892,12412,27.68,-33,-18,-1,216,424,76
-4576,-5636,13688,28.44,-248,-27,-195,0,366,377,-5492,-7984,12436,27.64,-31,-18,-11,214,429,73
-4592,-5700,13756,28.48,-269,10,-213,0,366,380,-5548,-7916,12568,27.64,-54,-28,-15,213,422,74
-4500,-5656,13736,28.39,-235,-16,-174,0,367,388,-5604,-7884,12420,27.54,-54,7,-23,215,421,73
-4496,-5688,13696,28.44,-261,-20,-123,0,366,385,-5580,-7980,12512,27.64,-46,-16,5,217,420,73
-4480,-5788,13652,28.39,-242,8,-180,0,365,391,-5552,-7956,12460,27.59,-40,-45,-22,220,416,75
-4488,-5736,13740,28.34,-257,-10,-249,0,363,391,-5684,-7972,12504,27.49,-31,-7,-8,223,416,75
-4516,-5620,13800,28.44,-246,-3,-222,0,360,383,-5476,-7904,12604,27.54,-25,-36,-22,225,417,72
-4428,-5704,13556,28.39,-236,-1,-146,0,361,388,-5648,-7956,12388,27.54,-35,-15,-1,223,414,72
-4512,-5652,13580,28.44,-249,-1,-164,0,361,382,-5596,-7912,12468,27.73,-25,-29,-5,222,426,70
-4472,-5716,13592,28.39,-268,10,-154,0,367,385,-5632,-7860,12520,27.59,-44,-27,-2,223,424,68
-4560,-5768,13752,28.39,-262,-28,-235,0,363,380,-5596,-7888,12584,27.59,-30,-31,1,220,425,66
-4516,-5704,13716,28.34,-253,-17,-234,0,368,381,-5604,-7956,12428,27.54,-26,-47,7,219,429,72
-4496,-5656,13548,28.34,-262,-32,-227,0,364,379,-5616,-7860,12572,27.64,-28,-1,13,217,425,71
-4552,-5752,13728,28.39,-245,-18,-153,0,361,378,-5544,-8000,12680,27.59,-38,-20,24,213,425,73
-4472,-5824,13768,28.29,-237,-12,-187,0,362,378,-5588,-7920,12516,27.49,-24,1,11,214,428,73
-4412,-5696,13628,28.34,-240,-16,-223,0,368,375,-5720,-7944,12516,27.49,-34,-8,-1,215,425,75
-4496,-5684,13656,28.39,-240,-15,-226,0,364,376,-5612,-7888,12524,27.54,-34,14,8,210,433,74
-4536,-5684,13668,28.29,-228,-12,-185,0,364,374,-5592,-7928,12516,27.59,-21,-1,-7,214,428,76
-4552,-5776,13536,28.34,-243,-34,-172,0,366,370,-5556,-7996,12568,27.54,-41,-15,-13,213,428,77
-4536,-5668,13580,28.29,-250,-19,-207,0,364,367,-5672,-7988,12420,27.64,-49,-41,10,214,426,74
-4456,-5708,13768,28.39,-244,19,-218,0,362,371,-5580,-7860,12468,27.54,-38,-19,0,215,429,77
-4512,-5652,13668,28.39,-237,-12,-240,0,370,371,-5612,-8032,12432,27.54,-36,2,-6,214,424,77
-4504,-5700,13572,28.34,-250,-19,-199,0,370,371,-5724,-7920,12548,27.49,-22,-6,17,213,424,75
-4500,-5768,13668,28.25,-260,-12,-162,0,367,372,-5648,-8004,12560,27.45,-40,-18,4,212,426,73
-4584,-5644,13608,28.29,-254,-37,-196,0,369,375,-5604,-8000,12568,27.54,-23,-1,3,211,429,73
-4520,-5684,13724,28.39,-246,-27,-231,0,365,373,-5696,-8036,12436,27.59,-38,-48,-24,212,438,74
-4556,-5696,13620,28.25,-242,-28,-215,0,367,375,-5600,-7868,12584,27.49,-46,-10,-7,213,425,73
-4476,-5736,13564,28.44,-251,3,-173,0,361,379,-5636,-7920,12412,27.54,-43,-14,-21,214,429,77
-4576,-5736,13628,28.29,-245,-33,-174,0,361,381,-5684,-7916,12528,27.45,-34,-28,-6,215,430,75
-4520,-5724,13692,28.34,-270,-17,-196,0,361,378,-5672,-7916,12488,27.54,-36,-14,-3,217,423,72
-4528,-5700,13592,28.34,-264,-15,-253,0,361,387,-5676,-8012,12348,27.54,-23,-36,17,217,431,74
-4456,-5712,13488,28.29,-250,0,-227,0,359,384,-5620,-7844,12444,27.49,-26,-24,19,218,426,72
-4464,-5668,13684,28.34,-253,-23,-179,0,360,381,-5492,-7892,12484,27.59,-40,-32,-18,216,432,73
-4628,-5640,13796,28.25,-234,9,-169,0,360,379,-5580,-7892,12576,27.49,-30,-27,-12,215,427,72
-4484,-5584,13548,28.29,-248,4,-199,0,363,385,-5512,-7976,12596,27.49,-33,-17,15,216,427,72
-4576,-5796,13508,28.25,-260,8,-226,0,361,384,-5664,-7900,12400,27.59,-27,-30,6,220,423,76
-4560,-5724,13592,28.29,-239,-29,-223,0,365,379,-5696,-7940,12336,27.49,-48,-38,14,218,423,75
-4568,-5732,13648,28.25,-244,5,-187,0,363,385,-5632,-7960,12412,27.45,-60,-25,-7,217,419,76
-4504,-5744,13592,28.20,-245,-9,-159,0,362,387,-5576,-7916,12540,27.54,-34,-13,-17,218,421,77
-4480,-5720,13652,28.25,-250,-15,-142,0,365,384,-5456,-7940,12668,27.45,-46,-31,-4,214,413,77
-4536,-5736,13640,28.29,-256,-13,-183,0,365,382,-5536,-7928,12556,27.54,-42,-7,13,211,418,78
-4432,-5740,13648,28.20,-238,-30,-203,0,367,382,-5664,-7916,12548,27.49,-43,-28,-14,211,414,76
-4464,-5652,13612,28.11,-252,-19,-196,0,366,378,-5556,-7928,12500,27.49,-59,-43,18,209,414,78
-4496,-5740,13792,28.15,-209,1,-150,0,365,378,-5524,-7920,12524,27.40,-34,-19,6,211,421,79
-4476,-5680,13680,28.29,-291,-31,-167,0,365,375,-5588,-7824,12488,27.54,-48,-23,3,210,422,79
-4536,-5732,13680,28.20,-245,12,-218,0,363,380,-5612,-7896,12536,27.45,-48,-20,-17,209,414,79
-4560,-5712,13672,28.25,-252,-14,-246,1,363,387,-5636,-7992,12452,27.49,-53,4,-1,211,421,75
-4532,-5644,13608,28.20,-250,-10,-181,0,363,387,-5632,-7892,12544,27.49,-53,-7,2,209,419,81
-4536,-5756,13620,28.20,-258,-13,-148,0,365,389,-5616,-7936,12472,27.54,-22,-14,8,211,424,79
-4572,-5708,13716,28.25,-246,-22,-206,0,364,391,-5540,-7876,12540,27.49,-67,-22,4,209,424,79
-4552,-5644,13548,28.25,-247,-1,-245,1,364,392,-5564,-7956,12460,27.40,-26,-24,8,209,423,82
-4508,-5720,13628,28.20,-238,1,-223,0,365,389,-5444,-7912,12492,27.35,-48,-18,-2,206,420,82
-4584,-5816,13572,28.25,-235,-28,-188,0,363,383,-5600,-8004,12428,27.35,-30,-3,-15,208,427,83
-4452,-5792,13648,28.15,-258,-24,-147,0,368,383,-5740,-7960,12664,27.40,-43,-8,-15,208,422,82
-4520,-5684,13632,28.11,-245,-28,-176,0,367,385,-5556,-7916,12608,27.49,-43,-10,0,211,421,84
-4464,-5732,13640,28.15,-251,-20,-231,3,369,385,-5656,-7896,12428,27.40,-25,-4,5,208,422,83
-4580,-5776,13620,28.15,-219,-11,-248,0,368,383,-5588,-7892,12420,27.45,-59,-2,-6,207,421,84
-4488,-5668,13668,28.15,-234,-15,-162,0,368,380,-5652,-7888,12548,27.40,-19,-7,2,207,427,83
-4628,-5564,13612,28.20,-240,7,-146,0,368,386,-5488,-7900,12532,27.45,-23,-10,-9,206,423,85
-4464,-5660,13676,28.15,-244,-4,-171,0,367,379,-5632,-7940,12476,27.40,-37,-24,-24,205,420,83
-4540,-5660,13568,28.20,-252,-17,-224,0,369,387,-5588,-8008,12464,27.49,-46,-26,-19,204,419,86
-4436,-5732,13580,28.20,-251,-16,-233,0,364,392,-5508,-7892,12528,27.49,-44,-14,-1,203,423,87
-4540,-5716,13596,28.06,-235,-22,-208,0,367,392,-5652,-7920,12504,27.49,-43,-11,-34,199,422,84
-4452,-5652,13700,28.15,-238,27,-158,0,367,392,-5700,-8020,12624,27.40,-33,-8,11,201,427,82
-4508,-5716,13696,28.11,-254,-8,-202,0,367,389,-5636,-8000,12456,27.35,-34,-17,9,203,426,80
-4448,-5684,13472,28.15,-238,-16,-217,0,367,389,-5596,-7924,12528,27.45,-35,-36,-16,206,426,84
-4552,-5776,13636,28.15,-242,-34,-232,0,370,386,-5544,-7924,12504,27.35,-54,-26,-3,205,425,87
-4532,-5684,13636,28.20,-235,-18,-208,0,370,382,-5632,-7980,12436,27.31,-48,-2,-5,202,422,86
-4612,-5792,13708,28.11,-247,-6,-156,0,372,383,-5688,-7864,12496,27.45,-48,-14,-5,202,427,87
-4608,-5732,13704,28.06,-245,2,-191,0,373,389,-5568,-7888,12568,27.40,-36,-8,-12,207,427,88
-4412,-5716,13620,28.20,-253,-26,-230,0,376,390,-5684,-8008,12464,27.40,-38,-25,14,203,432,86
-4504,-5676,13616,28.15,-234,-15,-226,0,375,391,-5616,-7980,12536,27.40,-46,-11,-12,201,426,83
-4560,-5724,13656,28.15,-236,-19,-194,0,373,388,-5616,-7900,12440,27.40,-20,-16,27,199,428,83
-4604,-5728,13536,28.20,-235,-2,-128,0,371,386,-5640,-7912,12496,27.31,-46,-23,-2,199,430,81
-4456,-5732,13632,28.06,-257,-12,-162,0,373,389,-5580,-7884,12468,27.40,-36,3,8,198,432,74
-4540,-5644,13752,28.06,-242,-12,-196,0,372,388,-5592,-7944,12536,27.35,-41,-19,-5,195,431,78
-4508,-5756,13564,28.11,-239,-14,-212,0,372,394,-5540,-7924,12592,27.31,-28,-24,13,195,428,78
-4524,-5776,13592,28.11,-238,-24,-184,0,370,396,-5620,-8036,12468,27.31,-26,-23,21,194,429,77
-4560,-5720,13660,28.06,-227,3,-175,0,369,395,-5592,-7944,12332,27.31,-39,-25,-5,194,429,77
-4460,-5744,13668,28.01,-237,-21,-158,0,370,395,-5576,-7920,12444,27.31,-36,-24,5,190,429,78
-4460,-5768,13768,28.20,-248,-13,-228,0,371,396,-5668,-8040,12532,27.35,-45,-19,-25,192,430,81
-4476,-5768,13640,28.06,-246,-6,-242,0,370,403,-5612,-8056,12520,27.35,-49,-14,11,191,433,81
-4500,-5664,13612,28.06,-242,-35,-192,0,371,394,-5556,-7896,12568,27.35,-33,-22,15,190,433,87
-4564,-5752,13668,28.11,-246,-20,-156,0,373,395,-5584,-7864,12424,27.26,-36,-3,9,188,431,83
-4540,-5704,13644,28.06,-240,-13,-136,0,374,393,-5568,-7956,12416,27.40,-50,-26,3,189,429,85
-4652,-5704,13604,28.06,-268,6,-208,0,373,396,-5668,-7908,12496,27.21,-32,-19,-1,189,431,82
-4624,-5744,13672,28.11,-261,-4,-210,0,370,396,-5612,-7888,12344,27.35,-47,5,-8,189,429,68
-4552,-5640,13588,28.06,-218,-16,-192,0,372,396,-5592,-7928,12432,27.31,-32,-28,-11,189,430,74
-4500,-5708,13716,28.11,-259,-21,-169,0,371,396,-5648,-7900,12464,27.31,-15,-23,-15,188,425,79
-4584,-5640,13668,28.11,-231,1,-156,0,372,398,-5660,-7932,12264,27.40,-42,-26,-3,187,424,78
-4420,-5696,13584,28.15,-259,3,-171,0,371,390,-5656,-7936,12600,27.31,-37,-36,3,187,420,80
-4528,-5748,13516,28.01,-256,-1,-220,0,376,396,-5504,-7912,12480,27.35,-51,-10,2,187,425,78
-4520,-5732,13736,28.06,-235,4,-207,0,373,395,-5628,-7976,12548,27.26,-40,-26,-1,188,425,81
-4492,-5760,13580,28.01,-279,-29,-207,0,371,391,-5580,-7884,12500,27.31,-38,-15,-31,187,422,83
-4520,-5748,13644,28.11,-227,-18,-139,0,372,391,-5524,-7924,12512,27.45,-28,-23,8,187,424,80
-4544,-5816,13652,28.06,-241,2,-195,0,372,395,-5604,-7904,12536,27.31,-16,-15,7,189,419,78
-4536,-5800,13816,28.01,-241,-12,-211,0,371,396,-5584,-7952,12536,27.35,-37,-44,12,188,418,83
-4544,-5684,13524,28.01,-249,-9,-223,0,367,397,-5544,-7872,12556,27.35,-47,-6,-7,187,415,82
-4536,-5792,13688,27.97,-273,-18,-164,2,366,395,-5628,-7888,12600,27.35,-42,-21,-7,188,415,80
-4488,-5684,13496,28.01,-255,-17,-150,0,367,399,-5664,-7936,12508,27.40,-50,-21,-12,189,420,77
-4596,-5748,13684,28.01,-250,-5,-176,0,367,397,-5676,-7952,12592,27.31,-11,-4,-4,188,418,77
-4512,-5736,13616,28.06,-242,-34,-222,0,369,395,-5612,-7952,12476,27.26,-34,-35,-15,188,421,78
-4528,-5684,13696,28.01,-253,-23,-237,0,369,395,-5552,-7904,12532,27.26,-44,-3,11,188,430,77
-4564,-5692,13564,28.01,-231,-9,-159,0,369,402,-5612,-8076,12512,27.35,-38,-16,6,188,431,77
-4560,-5752,13732,27.97,-270,-10,-159,0,372,400,-5720,-7988,12492,27.31,-27,4,-22,188,429,74
-4504,-5732,13740,27.92,-237,-36,-183,0,370,401,-5612,-7888,12448,27.31,-36,-28,-4,186,428,74
-4524,-5716,13704,27.92,-243,-9,-236,0,372,401,-5568,-7812,12608,27.35,-74,-6,-4,187,422,69
-4440,-5700,13564,28.06,-234,-8,-252,0,372,400,-5648,-7980,12524,27.31,-52,-5,-13,188,425,68
-4512,-5796,13600,28.01,-251,-9,-158,0,373,403,-5536,-7908,12512,27.21,-18,-13,-4,188,424,67
-4564,-5696,13708,28.06,-248,-6,-139,0,371,400,-5624,-7908,12500,27.21,-51,8,-9,188,425,70
-4540,-5696,13740,28.01,-255,-36,-162,0,372,400,-5632,-7896,12440,27.26,-16,-10,11,189,425,68
-4612,-5688,13720,28.01,-237,-25,-192,0,372,399,-5608,-7900,12596,27.31,-54,-18,2,190,423,68
-4496,-5692,13676,27.97,-229,3,-227,0,370,403,-5632,-7960,12432,27.40,-33,-24,8,190,423,70
-4600,-5696,13792,28.01,-227,-1,-214,0,368,402,-5648,-7940,12576,27.31,-58,-15,-7,188,423,69
-4624,-5700,13600,27.97,-249,1,-178,0,368,401,-5604,-7860,12452,27.26,-32,-15,-16,189,424,69
-4556,-5756,13700,27.92,-260,-2,-151,0,369,395,-5584,-7816,12404,27.26,-34,-21,5,189,425,67
-4576,-5720,13848,27.97,-221,-50,-180,0,370,397,-5620,-8032,12476,27.26,-31,-24,-14,189,425,66
-4464,-5748,13708,27.87,-239,-3,-211,0,368,395,-5556,-7976,12476,27.26,-9,-24,-25,190,426,63
-4608,-5728,13692,28.01,-249,-11,-204,0,366,392,-5668,-7892,12440,27.21,-18,-9,-9,189,425,61
-4548,-5772,13516,27.97,-247,-49,-155,0,369,395,-5556,-7892,12604,27.21,-33,0,-3,187,422,62
-4644,-5716,13780,27.87,-228,-18,-171,0,370,391,-5572,-7940,12572,27.31,-45,20,-22,187,421,62
-4628,-5672,13660,27.92,-246,-15,-186,0,370,390,-5592,-7816,12576,27.26,-35,-7,9,190,423,65
-4536,-5736,13552,27.92,-263,-20,-196,0,368,394,-5660,-7960,12492,27.31,-44,-11,-4,190,419,64
-4624,-5716,13512,27.87,-252,8,-221,0,369,396,-5664,-7900,12464,27.17,-39,-29,4,189,422,57
-4616,-5688,13532,27.92,-249,-7,-154,0,371,398,-5592,-7872,12492,27.26,-35,-35,12,189,419,54
-4552,-5704,13652,27.82,-245,20,-133,0,369,395,-5656,-7984,12544,27.26,-29,-9,-9,188,420,50
-4652,-5724,13644,27.87,-240,-18,-208,0,370,396,-5536,-7876,12576,27.21,-42,-33,-9,191,422,55
-4560,-5740,13516,27.92,-247,2,-235,0,368,403,-5584,-7928,12584,27.21,-46,-25,-9,191,423,56
-4532,-5812,13584,27.92,-261,-33,-203,0,368,399,-5524,-7880,12452,27.26,-37,-13,0,190,428,57
-4584,-5768,13492,27.97,-235,0,-164,0,369,400,-5588,-7884,12472,27.21,-42,-6,1,188,432,57
-4612,-5704,13532,27.92,-242,-5,-150,0,367,396,-5584,-7896,12584,27.21,-39,-13,4,186,431,57
-4576,-5772,13684,27.97,-228,-41,-161,0,367,383,-5620,-7868,12584,27.26,-38,-20,-7,187,431,58
-4552,-5716,13648,27.97,-223,5,-229,0,365,395,-5600,-7932,12424,27.26,-31,-9,13,187,428,62
-4548,-5752,13632,28.01,-235,-11,-222,0,364,385,-5620,-7936,12540,27.21,-39,-12,-12,187,428,63
-4592,-5720,13624,27.87,-242,9,-182,0,366,389,-5672,-7912,12464,27.12,-38,-11,14,187,421,61
-4660,-5688,13604,27.82,-244,-21,-137,0,365,391,-5616,-7900,12568,27.31,-42,-21,-9,187,426,58
-4580,-5820,13604,27.92,-240,-21,-184,0,363,394,-5608,-7948,12432,27.31,-33,-11,-24,188,421,59
-4576,-5732,13536,27.87,-240,-26,-202,0,363,391,-5612,-7984,12576,27.31,-43,-31,-7,188,420,59
-4616,-5704,13564,27.87,-236,-6,-214,0,364,396,-5680,-7940,12492,27.21,-30,-40,-1,189,426,60
-4580,-5752,13776,27.92,-245,-27,-195,0,363,395,-5560,-7876,12604,27.17,-31,-17,-1,188,421,61
-4572,-5728,13596,27.87,-256,-18,-140,0,363,393,-5576,-7808,12548,27.12,-43,-12,-11,186,423,59
-4572,-5800,13532,27.97,-228,-10,-157,0,361,391,-5592,-7908,12672,27.17,-34,4,0,184,423,57
-4556,-5648,13732,27.92,-253,7,-214,0,362,392,-5656,-7932,12520,27.21,-60,-4,5,185,424,56
-4508,-5732,13540,27.92,-262,-1,-218,0,362,396,-5644,-8024,12508,27.26,-36,-19,-1,187,422,61
-4548,-5720,13696,27.87,-253,-12,-175,0,363,393,-5612,-7876,12524,27.26,-36,-18,2,186,423,62
-4628,-5696,13680,27.92,-263,0,-137,0,367,392,-5636,-8000,12540,27.21,-42,-18,-10,185,423,62
-4584,-5704,13672,27.78,-245,-18,-143,0,366,393,-5560,-7908,12596,27.21,-31,-31,-8,186,422,65
-4604,-5616,13468,27.97,-261,-21,-191,0,368,392,-5576,-7888,12516,27.31,-21,-36,-17,184,423,67
-4648,-5732,13600,27.73,-236,-21,-243,0,371,393,-5548,-7944,12448,27.12,-33,-34,17,184,425,68
-4504,-5692,13672,27.82,-243,-39,-186,0,371,389,-5624,-7908,12408,27.21,-40,13,1,185,425,70
-4688,-5732,13604,27.78,-233,-23,-143,0,371,393,-5572,-7988,12432,27.17,-40,16,-11,185,425,71
-4520,-5704,13672,27.92,-235,9,-142,0,374,392,-5564,-7960,12492,27.17,-54,-20,-12,184,429,69
-4680,-5728,13560,27.82,-245,-21,-211,0,374,393,-5576,-7976,12568,27.17,-41,-9,12,184,423,69
-4632,-5692,13604,27.87,-242,-24,-227,0,375,386,-5700,-7932,12452,27.21,-40,-35,-3,184,417,70
-4644,-5660,13604,27.73,-247,-17,-213,0,375,384,-5596,-7852,12452,27.21,-45,-48,4,185,423,68
-4588,-5808,13628,27.82,-258,-36,-151,0,376,386,-5612,-7896,12584,27.31,-72,-42,-11,186,422,69
-4580,-5700,13680,27.92,-240,-2,-143,0,375,383,-5620,-7872,12464,27.12,-47,-9,-7,187,423,72
-4604,-5704,13720,27.82,-244,-3,-187,0,376,387,-5632,-7972,12568,27.26,-48,-11,-6,186,420,70
-4620,-5684,13700,27.92,-233,-35,-241,0,375,384,-5528,-7932,12656,27.12,-22,-11,5,187,422,72
-4532,-5724,13500,27.87,-270,-8,-205,0,377,390,-5616,-7948,12396,27.12,-39,0,-10,187,425,72
-4672,-5740,13520,27.82,-246,-11,-166,0,378,391,-5572,-7976,12452,27.12,-62,-21,-1,186,426,70
-4612,-5784,13652,27.73,-250,-12,-152,0,375,390,-5544,-7900,12380,27.17,-45,-8,-11,187,420,69
-4620,-5688,13628,27.78,-241,-22,-210,0,376,387,-5652,-7932,12656,27.12,-36,-16,-2,187,425,69
-4572,-5728,13676,27.82,-219,-15,-213,0,375,385,-5584,-7932,12556,27.21,-45,-33,-15,186,426,67
-4580,-5680,13696,27.82,-240,-4,-217,0,377,387,-5548,-8044,12444,27.12,-63,-14,-16,186,425,67
-4592,-5800,13644,27.78,-243,8,-184,0,377,386,-5616,-7932,12580,27.12,-27,-5,-12,186,424,68
-4552,-5776,13660,27.82,-247,4,-159,0,378,382,-5556,-7972,12504,27.12,-48,9,-8,185,422,67
-4536,-5864,13552,27.78,-242,-40,-200,0,379,387,-5472,-7916,12500,27.17,-36,-13,3,186,423,67
-4592,-5688,13608,27.68,-257,-27,-218,0,382,383,-5588,-7956,12484,27.17,-35,12,6,187,418,66
-4600,-5716,13784,27.73,-246,-5,-230,0,378,385,-5604,-7948,12452,27.12,-52,-12,-10,186,421,68
-4572,-5720,13568,27.87,-235,-22,-200,0,379,385,-5640,-7928,12656,27.12,-36,-6,-11,186,419,64
-4508,-5756,13552,27.78,-224,-34,-150,0,377,386,-5604,-7928,12248,27.12,-41,-15,5,186,418,64
-4500,-5656,13572,27.73,-229,-7,-184,0,381,380,-5552,-7912,12532,27.17,-41,-29,3,186,418,65
-4676,-5740,13500,27.68,-231,-3,-230,0,379,377,-5660,-7948,12372,27.07,-54,-12,-5,186,423,65
-4548,-5788,13600,27.64,-259,-9,-236,0,377,383,-5556,-7936,12560,27.17,-34,-9,-10,186,422,64
-4572,-5740,13696,27.82,-248,-22,-217,0,374,388,-5604,-7956,12424,27.12,-16,-61,-17,186,424,63
-4696,-5712,13744,27.68,-238,-11,-164,0,377,384,-5648,-8000,12544,27.02,-40,-8,12,186,425,64
-4472,-5732,13744,27.78,-253,-21,-173,0,379,391,-5604,-7920,12564,27.12,-32,-35,2,185,424,63
-4596,-5796,13688,27.73,-229,2,-218,0,379,391,-5636,-7904,12484,27.17,-49,-20,13,188,423,64
-4568,-5712,13500,27.68,-254,-14,-240,0,377,389,-5596,-7940,12488,27.17,-46,-3,-25,188,421,64
-4608,-5756,13708,27.68,-266,3,-215,0,378,394,-5552,-7904,12712,27.07,-37,-19,-22,186,421,65
-4640,-5752,13620,27.82,-236,-18,-183,0,378,390,-5548,-7924,12520,27.17,-27,-19,-7,187,422,64
-4720,-5748,13532,27.78,-236,-17,-147,0,377,391,-5552,-7884,12576,27.02,-72,18,-5,189,425,65
-4600,-5612,13792,27.68,-262,-27,-184,0,378,389,-5660,-7960,12524,27.02,-50,-6,-22,189,425,66
-4604,-5720,13632,27.82,-280,-22,-233,0,379,390,-5588,-7832,12432,27.07,-43,-21,-26,186,421,64
-4572,-5760,13680,27.73,-255,-16,-206,0,377,390,-5552,-7984,12616,27.17,-38,0,1,182,424,65
-4584,-5736,13708,27.68,-239,-6,-173,0,377,390,-5632,-7824,12492,27.12,-50,-24,1,183,426,65
-4552,-5668,13672,27.64,-255,-10,-165,0,379,390,-5652,-7928,12484,27.12,-61,-15,6,184,424,66
-4576,-5768,13580,27.73,-246,0,-204,0,378,393,-5624,-7956,12568,27.07,-21,-13,-16,183,422,67
-4560,-5704,13504,27.68,-264,14,-237,0,377,394,-5508,-7804,12528,27.07,-58,-17,-17,184,424,65
-4612,-5724,13500,27.73,-260,-17,-197,0,379,395,-5556,-7976,12568,27.07,-38,-32,-7,184,419,65
-4616,-5748,13808,27.73,-272,0,-155,0,379,394,-5620,-8020,12492,27.07,-45,-5,6,182,417,63
-4628,-5748,13744,27.59,-262,-21,-163,0,380,398,-5628,-7928,12556,27.02,-38,-14,-8,184,416,65
-4668,-5732,13652,27.64,-280,-22,-189,0,383,392,-5584,-7960,12488,27.07,-34,-6,-10,182,413,65
-4652,-5820,13552,27.73,-251,3,-220,0,382,387,-5644,-7880,12612,27.07,-34,8,1,184,413,63
-4624,-5656,13712,27.59,-259,-32,-195,0,383,388,-5604,-7944,12584,27.02,-56,-16,-10,182,419,63
-4672,-5736,13652,27.64,-238,-7,-183,0,384,392,-5592,-7972,12404,27.02,-44,-15,3,180,417,67
-4640,-5780,13664,27.64,-251,-11,-150,0,384,391,-5592,-7956,12500,27.07,-35,-1,-20,181,419,64
-4544,-5752,13676,27.59,-239,-13,-147,0,385,391,-5636,-7928,12624,27.07,-53,3,-2,180,411,65
-4596,-5788,13596,27.64,-247,-15,-226,0,379,390,-5612,-7988,12524,27.02,-52,0,11,183,414,64
-4636,-5720,13536,27.64,-250,-16,-199,0,378,389,-5640,-7804,12624,27.17,-28,-45,-7,184,416,65
-4672,-5632,13696,27.73,-236,-39,-173,0,383,389,-5512,-7924,12460,26.98,-39,-25,10,185,414,62
-4676,-5692,13680,27.68,-237,-10,-134,0,386,387,-5552,-8000,12520,27.12,-43,-28,-20,183,421,63
-4624,-5764,13612,27.68,-241,-13,-199,0,384,396,-5560,-7952,12540,26.98,-37,-21,7,183,420,58
-4680,-5732,13536,27.54,-259,-4,-218,0,384,390,-5652,-7912,12568,27.12,-14,-31,-24,184,419,58
-4540,-5744,13708,27.68,-251,-30,-220,0,382,392,-5600,-7888,12532,27.02,-41,-15,-25,185,417,61
-4536,-5700,13648,27.68,-252,12,-165,0,380,397,-5616,-7876,12584,27.02,-49,-62,-9,185,416,57
-4712,-5708,13564,27.64,-244,-21,-164,0,380,393,-5616,-7860,12568,27.02,-60,-17,-8,185,413,56
-4652,-5800,13620,27.64,-239,-18,-185,0,382,396,-5652,-7864,12496,27.07,-35,-7,-22,185,415,56
-4500,-5684,13744,27.68,-245,-15,-236,0,382,394,-5644,-7920,12512,27.07,-60,-15,-15,188,411,55
-4672,-5824,13632,27.68,-241,-10,-206,0,380,387,-5540,-7988,12568,27.07,-35,-1,12,193,416,53
-4596,-5728,13596,27.64,-178,-54,-199,0,378,390,-5660,-7896,12576,27.02,-30,0,-9,191,415,55
-4628,-5680,13640,27.64,-265,-13,-126,0,379,387,-5584,-7844,12524,27.07,-39,-13,-18,190,413,57
-4540,-5732,13564,27.68,-239,11,-184,0,382,384,-5528,-7960,12504,26.98,-51,-41,8,192,415,59
-4616,-5788,13824,27.59,-235,-15,-232,0,379,386,-5620,-7988,12512,27.07,-39,-12,-17,192,417,61
-4588,-5760,13580,27.64,-267,-5,-235,0,377,384,-5656,-7852,12624,27.02,-16,-11,0,189,422,57
-4684,-5776,13700,27.59,-262,-26,-165,0,377,384,-5636,-7852,12488,27.02,-41,1,-27,188,418,58
-4692,-5752,13760,27.59,-231,-21,-165,0,378,389,-5688,-7960,12532,27.02,-48,-11,-10,188,420,61
-4600,-5716,13712,27.64,-254,-13,-194,0,380,389,-5584,-7856,12488,27.02,-37,12,-17,186,424,58
-4684,-5708,13596,27.54,-262,-2,-238,0,381,394,-5540,-7912,12580,27.07,-35,-10,-15,187,421,61
-4588,-5748,13780,27.68,-251,-22,-218,0,379,392,-5568,-7848,12624,27.07,-25,-11,-8,187,421,60
-4700,-5832,13684,27.54,-231,-15,-166,0,377,395,-5584,-7944,12504,26.98,-45,0,-25,185,423,61
-4552,-5728,13544,27.54,-237,-31,-171,0,379,399,-5588,-7904,12592,26.93,-46,-40,4,184,422,60
-4676,-5728,13492,27.59,-258,-31,-206,0,382,399,-5600,-7876,12468,27.02,-44,1,1,185,424,58
-4636,-5656,13652,27.64,-257,-2,-250,0,380,397,-5564,-7988,12696,26.98,-27,-11,-6,185,426,56
-4672,-5752,13676,27.64,-261,3,-229,0,379,398,-5612,-7956,12600,26.98,-58,-12,-13,185,426,55
-4528,-5832,13680,27.59,-265,-35,-173,0,380,395,-5640,-8004,12632,27.02,-52,-30,0,185,424,57
-4572,-5704,13632,27.64,-250,-24,-151,0,382,399,-5592,-7840,12412,26.93,-33,-29,-11,185,423,59
-4592,-5760,13724,27.45,-253,-8,-203,0,382,401,-5596,-7944,12636,26.93,-28,-37,-4,185,421,57
-4692,-5680,13676,27.68,-249,-19,-221,0,384,395,-5628,-7872,12580,27.07,-49,-26,3,184,424,58
-4604,-5756,13612,27.64,-254,-14,-223,0,384,399,-5664,-7936,12560,27.07,-58,-8,-7,183,423,56
-4624,-5756,13668,27.64,-254,-22,-194,0,380,400,-5692,-8000,12616,26.93,-40,4,-9,183,420,56
-4520,-5752,13528,27.49,-236,-45,-144,0,381,400,-5628,-7916,12640,26.98,-51,-28,-15,185,418,59
-4656,-5656,13500,27.64,-235,4,-162,0,378,398,-5592,-7928,12584,26.88,-25,-25,20,185,420,57
-4596,-5764,13632,27.64,-246,-1,-209,0,378,396,-5628,-7836,12668,26.98,-27,-22,-7,184,419,58
-4712,-5656,13628,27.59,-249,-9,-226,0,383,395,-5656,-7848,12472,26.93,-46,-11,-8,183,421,59
-4552,-5832,13540,27.64,-242,-18,-192,0,379,397,-5644,-7888,12452,26.93,-30,-20,16,182,422,60
-4796,-5688,13708,27.59,-246,-28,-135,0,379,401,-5592,-7964,12376,27.02,-39,-16,-18,183,421,62
-4632,-5796,13536,27.59,-216,-8,-147,0,388,400,-5648,-7940,12460,26.93,-32,-18,-13,183,428,61
-4636,-5840,13748,27.54,-238,-11,-194,0,389,398,-5684,-7944,12496,26.93,-41,-4,-30,182,424,61
-4604,-5700,13436,27.59,-259,-7,-245,0,389,398,-5676,-7860,12584,26.84,-22,-12,-5,183,424,63
-4608,-5752,13548,27.59,-251,-28,-205,0,389,397,-5620,-8020,12508,26.98,-42,-19,4,183,425,63
-4656,-5660,13480,27.54,-247,-6,-178,0,388,392,-5616,-7948,12556,26.98,-42,-3,-20,183,424,64
-4588,-5768,13640,27.49,-241,4,-154,0,388,389,-5584,-7916,12468,26.93,-36,-6,-2,183,430,62
-4576,-5716,13844,27.64,-247,-30,-189,0,388,390,-5664,-7968,12540,26.93,-47,-22,-4,183,429,61
-4588,-5736,13596,27.64,-243,-8,-243,0,387,389,-5608,-7856,12484,26.98,-48,-10,-15,183,424,61
-4552,-5756,13572,27.49,-240,-24,-205,0,387,392,-5580,-7872,12428,26.88,-52,-14,12,183,422,68
-4624,-5716,13628,27.54,-234,-38,-172,0,386,392,-5592,-7916,12608,26.98,-38,-24,-7,182,418,65
-4720,-5668,13692,27.54,-240,-4,-144,5,385,391,-5652,-7944,12408,26.93,-49,-17,-2,182,420,66
-4600,-5812,13656,27.49,-249,-12,-155,0,381,391,-5636,-7892,12500,26.93,-16,-13,-1,184,421,65
-4572,-5788,13516,27.54,-257,-31,-213,0,383,391,-5572,-7972,12576,27.02,-16,-17,13,183,424,66
-4692,-5772,13612,27.45,-275,-16,-230,0,383,383,-5508,-7924,12576,26.93,-54,-23,-15,183,424,67
-4680,-5796,13684,27.49,-234,-27,-178,1,379,382,-5572,-7892,12600,26.84,-64,-36,-14,184,427,70
-4660,-5736,13644,27.59,-251,-9,-179,0,376,386,-5656,-7960,12444,26.93,-18,5,-1,189,426,70
-4720,-5732,13652,27.45,-254,-15,-168,0,377,388,-5580,-7892,12436,26.88,-39,-29,-11,187,424,73
-4504,-5772,13680,27.45,-237,-7,-232,0,380,387,-5648,-7884,12484,26.98,-57,-29,0,187,429,75
-4708,-5764,13664,27.49,-274,-5,-237,0,383,386,-5516,-7948,12588,26.93,-37,4,-8,186,431,74
-4648,-5716,13476,27.45,-263,-29,-183,0,381,389,-5580,-7960,12492,26.88,-50,-37,2,185,429,75
-4628,-5716,13732,27.40,-252,-34,-139,0,377,391,-5500,-7964,12524,26.88,-54,-8,-20,184,432,77
-4568,-5716,13476,27.49,-238,8,-194,0,377,392,-5548,-7904,12584,26.93,-44,-9,-13,185,429,78
-4540,-5752,13576,27.54,-240,1,-230,0,379,390,-5564,-7872,12484,26.93,-37,-12,-30,184,431,79
-4524,-5656,13588,27.49,-248,-7,-212,0,376,389,-5672,-7928,12524,26.93,-46,-8,15,185,432,78
-4648,-5708,13768,27.45,-231,-16,-231,0,378,387,-5628,-7900,12524,26.98,-38,-35,-17,184,430,81
-4644,-5764,13652,27.45,-242,-13,-164,0,377,389,-5680,-7892,12576,26.88,-41,-27,-8,183,429,78
-4632,-5748,13632,27.49,-252,6,-161,0,378,391,-5560,-7900,12444,26.88,-44,-20,-17,184,430,78
-4636,-5724,13736,27.45,-234,-24,-199,0,380,391,-5616,-7944,12468,26.88,-17,-9,10,185,429,80
-4668,-5800,13552,27.54,-243,-13,-216,0,380,391,-5632,-7912,12420,26.93,-28,-29,-8,184,425,81
-4680,-5756,13672,27.40,-229,-21,-192,0,377,392,-5668,-7860,12532,26.93,-39,-14,-5,185,428,80
-4644,-5748,13516,27.59,-239,-18,-166,0,379,393,-5644,-8012,12528,26.84,-22,-24,-7,189,428,80
-4640,-5760,13620,27.45,-246,-40,-140,0,379,392,-5548,-7868,12512,26.88,-19,-14,-12,184,433,79
-4632,-5796,13408,27.45,-247,-14,-186,0,378,392,-5496,-8000,12680,26.79,-49,-35,-8,183,435,77
-4572,-5816,13612,27.40,-248,-17,-222,0,381,394,-5560,-7964,12512,26.88,-49,-31,-21,184,436,81
-4704,-5728,13612,27.54,-235,-2,-208,0,381,395,-5604,-7892,12496,26.84,-52,-14,-9,183,436,81
-4660,-5776,13664,27.45,-253,1,-171,0,382,401,-5636,-8032,12660,26.93,-29,9,-8,187,434,80
-4580,-5760,13812,27.49,-251,-2,-160,0,381,397,-5576,-7924,12508,26.88,-45,-16,-14,188,437,79
-4688,-5736,13644,27.54,-241,-12,-219,0,378,396,-5620,-7904,12512,26.88,-48,-17,-3,187,437,79
-4580,-5648,13700,27.45,-236,3,-224,0,379,395,-5620,-7940,12540,26.79,-44,-15,-8,188,442,76
-4636,-5768,13628,27.40,-259,-2,-236,0,378,395,-5604,-7912,12408,26.84,-33,-27,-4,188,439,78
-4604,-5748,13684,27.45,-252,-18,-169,0,379,397,-5580,-7904,12532,26.84,-52,-25,-19,185,441,96
-4624,-5680,13540,27.40,-239,-14,-141,0,379,400,-5652,-7968,12484,26.84,-33,3,12,185,440,102
-4540,-5732,13600,27.40,-266,-6,-186,0,376,398,-5616,-7940,12644,26.84,-20,-12,-2,185,443,103
-4564,-5724,13644,27.35,-250,-19,-205,0,374,397,-5604,-7972,12508,27.02,-51,-45,0,186,443,102
-4640,-5756,13704,27.49,-232,-17,-232,0,374,400,-5468,-7900,12616,26.88,-37,11,10,186,442,103
-4540,-5696,13620,27.40,-216,-31,-172,0,376,400,-5652,-7936,12456,26.84,-39,-5,-8,185,440,102
-4708,-5788,13616,27.45,-247,-28,-147,0,376,399,-5608,-7888,12464,26.88,-33,-17,-35,184,438,107
-4612,-5772,13684,27.45,-267,-13,-171,0,375,396,-5620,-8024,12496,26.84,-52,-5,-9,183,433,106
-4612,-5788,13700,27.40,-232,0,-222,0,373,400,-5568,-7920,12516,26.88,-34,-14,-14,178,432,106
-4628,-5780,13556,27.45,-256,-25,-259,0,375,399,-5608,-7976,12564,26.84,-47,-15,20,179,437,106
-4672,-5796,13536,27.35,-247,15,-191,0,373,401,-5688,-7936,12480,26.84,-36,-41,0,180,438,106
-4632,-5668,13716,27.40,-263,-26,-169,0,373,403,-5604,-7912,12524,26.84,-23,-31,18,184,434,104
-4520,-5732,13620,27.45,-244,-9,-159,0,371,399,-5576,-7896,12420,26.84,-50,-18,3,184,433,102
-4596,-5720,13640,27.35,-235,7,-217,0,373,395,-5656,-7940,12572,26.84,-52,-25,-4,182,433,104
-4756,-5796,13612,27.40,-244,-29,-238,0,370,395,-5692,-7956,12508,26.84,-43,-27,-3,182,432,104
-4664,-5760,13612,27.45,-249,-8,-236,0,374,399,-5604,-7928,12552,26.74,-37,-35,5,183,432,103
-4612,-5744,13596,27.45,-261,7,-167,0,373,398,-5568,-7928,12396,26.74,-30,-20,-8,177,437,98
-4632,-5764,13508,27.40,-245,-21,-134,0,370,395,-5480,-7892,12512,26.79,-21,-3,-7,178,439,96
-4644,-5692,13716,27.45,-243,-3,-188,0,370,396,-5612,-7904,12604,26.88,-47,-6,-2,178,440,97
-4632,-5700,13476,27.35,-245,-12,-208,0,368,399,-5528,-7920,12552,26.74,-30,-32,-7,175,438,93
-4660,-5680,13532,27.31,-263,-24,-230,0,365,404,-5692,-7952,12416,26.79,-46,-12,-12,173,437,93
-4712,-5692,13712,27.35,-241,0,-177,0,368,404,-5664,-7932,12516,26.88,-46,-1,13,170,439,98
-4608,-5756,13688,27.35,-243,-18,-150,0,368,402,-5640,-7912,12568,26.79,-29,-23,-4,177,438,98
-4656,-5800,13748,27.40,-246,-23,-203,0,368,403,-5752,-7852,12360,26.84,-33,-3,-8,177,442,92
-4756,-5792,13572,27.26,-239,-5,-230,0,372,401,-5596,-7888,12460,26.84,-55,-27,-32,180,436,98
-4592,-5724,13568,27.35,-239,-30,-231,0,369,404,-5600,-7864,12448,26.84,-38,-11,-10,178,436,97
-4704,-5732,13640,27.40,-240,-24,-175,1,369,402,-5564,-7952,12660,26.88,-14,-23,13,173,437,97
-4676,-5792,13664,27.45,-248,-31,-148,0,372,404,-5556,-7912,12500,26.79,-24,-15,-14,172,435,98
-4648,-5764,13604,27.35,-236,-14,-185,0,371,403,-5580,-7848,12556,26.79,-55,-31,-1,174,435,96
-4636,-5840,13652,27.35,-232,-14,-226,0,373,404,-5620,-7844,12636,26.69,-20,-29,-15,177,436,96
-4648,-5872,13628,27.31,-244,4,-226,2,370,402,-5556,-8024,12544,26.79,-29,-22,-17,178,435,88
-4660,-5704,13732,27.35,-251,-16,-186,0,372,397,-5580,-7868,12528,26.79,-42,-28,-2,175,437,89
-4652,-5800,13532,27.35,-236,3,-132,0,371,396,-5572,-7928,12652,26.84,-46,-12,-28,177,432,83
-4688,-5740,13628,27.35,-263,-15,-166,0,372,400,-5604,-7948,12488,26.74,-40,-28,6,175,429,86
-4676,-5776,13668,27.35,-254,-9,-211,0,372,400,-5608,-7936,12528,26.74,-34,-11,-8,177,433,84
-4632,-5708,13640,27.26,-256,-22,-230,0,370,396,-5624,-7932,12704,26.69,-35,-19,-1,174,433,82
-4628,-5772,13696,27.31,-261,-31,-208,0,371,397,-5620,-8008,12480,26.69,-37,-13,7,169,434,81
-4684,-5776,13512,27.35,-243,-17,-162,0,370,394,-5656,-7928,12468,26.79,-31,-46,-5,170,437,79
-4604,-5636,13568,27.26,-260,-14,-183,0,368,398,-5664,-7948,12468,26.84,-34,9,0,167,437,83
-4568,-5804,13676,27.26,-241,-7,-218,0,371,401,-5572,-7992,12492,26.79,-53,-18,8,167,433,82
-4720,-5808,13724,27.21,-258,-6,-219,0,374,398,-5576,-7964,12464,26.79,-37,-27,-27,174,433,85
-4628,-5744,13736,27.35,-251,-45,-206,0,376,395,-5496,-7896,12508,26.84,-35,-45,-6,174,429,85
-4620,-5736,13544,27.40,-249,-26,-134,0,379,397,-5608,-7924,12584,26.65,-47,-9,-3,176,437,86
-4568,-5800,13728,27.31,-243,18,-151,0,377,396,-5520,-8024,12528,26.69,-36,-29,5,176,437,83
-4648,-5800,13588,27.35,-234,-29,-204,0,374,390,-5528,-7956,12380,26.69,-41,-56,9,179,436,84
-4640,-5692,13636,27.35,-264,-15,-230,0,374,395,-5672,-7956,12568,26.74,-40,-30,-7,183,436,82
-4632,-5720,13536,27.21,-255,20,-193,0,374,389,-5532,-7832,12540,26.74,-32,-10,-13,184,436,81
-4584,-5696,13636,27.31,-259,-18,-153,0,368,396,-5468,-7952,12408,26.74,-41,-13,9,186,435,78
-4576,-5760,13580,27.26,-244,-13,-156,0,369,393,-5568,-7900,12592,26.69,-39,-5,3,184,436,87
-4612,-5788,13764,27.26,-255,-2,-212,0,369,392,-5672,-7892,12428,26.69,-32,-2,-11,186,439,87
-4552,-5708,13496,27.31,-244,-10,-211,0,370,393,-5644,-7944,12604,26.74,-36,-38,1,185,433,82
-4604,-5772,13484,27.21,-258,-16,-218,0,369,395,-5608,-7860,12532,26.65,-30,-20,-8,182,439,76
-4592,-5812,13736,27.35,-269,1,-162,0,370,386,-5524,-7864,12552,26.79,-40,-19,-11,180,439,83
-4644,-5832,13684,27.31,-244,-25,-135,0,369,393,-5656,-7896,12572,26.69,-36,-12,-3,181,438,77
-4604,-5784,13608,27.31,-248,-34,-183,0,371,393,-5588,-7892,12492,26.69,-49,-33,-1,180,442,84
-4620,-5780,13520,27.17,-248,-13,-196,0,369,402,-5628,-7968,12688,26.74,-41,-37,-25,180,445,84
-4740,-5712,13548,27.26,-261,-6,-202,0,369,398,-5700,-7940,12468,26.65,-55,0,-19,180,445,72
-4576,-5656,13548,27.31,-235,-10,-179,0,373,396,-5620,-7992,12512,26.74,-39,-30,14,179,446,78
-4620,-5812,13648,27.35,-255,-18,-158,0,371,395,-5644,-7968,12536,26.74,-27,-7,-27,179,443,79
-4688,-5776,13652,27.26,-263,-23,-185,0,373,389,-5652,-7956,12532,26.69,-31,-36,-6,176,444,81
-4708,-5752,13636,27.26,-246,-20,-235,0,374,388,-5508,-7980,12712,26.69,-35,-8,3,175,440,76
-4748,-5848,13648,27.31,-246,-6,-216,0,373,383,-5640,-7952,12532,26.65,-51,-34,7,175,444,77
-4652,-5796,13640,27.26,-261,-22,-166,0,373,382,-5564,-7884,12508,26.69,-57,-12,-12,178,446,77
-4592,-5844,13728,27.26,-254,14,-168,0,374,384,-5640,-7920,12392,26.69,-33,-42,-12,174,443,77
-4660,-5716,13804,27.21,-243,-4,-200,0,374,389,-5504,-7952,12484,26.79,-43,-12,-11,172,444,78
-4728,-5760,13620,27.17,-247,-5,-230,0,370,390,-5604,-7912,12444,26.69,-45,-9,-21,171,443,83
-4632,-5832,13584,27.21,-248,-10,-226,0,371,390,-5588,-7988,12652,26.69,-36,8,-21,172,441,81
-4608,-5720,13636,27.21,-252,-13,-201,0,370,387,-5708,-7888,12484,26.65,-22,-3,-2,177,442,79
-4684,-5740,13728,27.21,-242,-32,-163,0,370,386,-5556,-7956,12548,26.84,-54,-31,0,180,446,76
-4568,-5800,13592,27.17,-252,-25,-183,0,372,387,-5616,-7928,12592,26.69,-50,-10,-11,180,444,77
-4760,-5844,13508,27.12,-230,-18,-209,0,372,384,-5656,-7960,12672,26.69,-32,-13,-1,176,444,78
-4636,-5732,13788,27.31,-261,12,-204,0,373,385,-5584,-7956,12588,26.69,-47,-30,9,178,447,78
-4692,-5720,13696,27.21,-255,-14,-197,0,373,385,-5628,-7960,12492,26.65,-37,-17,-27,179,446,77
-4700,-5708,13684,27.26,-253,12,-167,0,372,383,-5580,-7936,12588,26.65,-24,-8,-5,193,443,74
-4592,-5704,13544,27.26,-253,-20,-178,0,374,384,-5556,-7892,12516,26.69,-32,-24,-22,188,441,75
-4720,-5768,13660,27.21,-245,-7,-209,0,372,383,-5520,-8004,12512,26.60,-55,-30,-27,190,442,81
-4616,-5804,13592,27.17,-254,-27,-270,0,372,383,-5568,-7836,12480,26.69,-46,-6,-2,191,440,85
-4668,-5652,13532,27.07,-247,-5,-168,0,373,388,-5524,-7896,12508,26.65,-30,6,15,192,438,81
-4688,-5808,13484,27.31,-265,-30,-173,0,369,381,-5604,-7852,12520,26.65,-28,-41,-1,191,439,80
-4684,-5856,13624,27.26,-248,-6,-170,0,370,381,-5640,-8016,12620,26.69,-30,-25,-14,191,439,81
-4580,-5720,13508,27.21,-258,-18,-194,0,372,382,-5668,-7972,12480,26.69,-40,-23,-16,190,436,78
-4584,-5820,13572,27.21,-247,-23,-226,0,374,383,-5584,-7924,12520,26.69,-54,-20,-9,187,439,81
-4672,-5744,13640,27.21,-248,-12,-214,0,375,387,-5536,-8004,12460,26.69,-44,-26,-21,188,443,81
-4616,-5764,13528,27.17,-241,-14,-167,0,373,389,-5668,-7964,12596,26.74,-44,-52,-11,189,441,83
-4768,-5764,13696,27.17,-244,-30,-200,0,373,386,-5568,-7916,12528,26.69,-36,-34,-5,189,440,79
-4660,-5716,13632,27.12,-259,-13,-204,0,375,385,-5604,-7904,12652,26.65,-36,2,-14,188,440,81
-4708,-5780,13740,27.17,-256,-20,-255,0,373,387,-5636,-7940,12520,26.74,-47,-3,0,187,439,83
-4704,-5704,13576,27.17,-264,17,-185,0,376,393,-5572,-7892,12556,26.69,-35,-55,-13,188,440,82
-4696,-5776,13604,27.07,-240,-9,-143,0,375,394,-5616,-7984,12544,26.60,-51,-35,0,192,440,80
-4648,-5760,13716,27.17,-248,-20,-172,0,377,393,-5652,-7864,12500,26.65,-25,-46,-7,189,436,83
-4584,-5828,13616,27.26,-234,-14,-219,0,374,395,-5608,-7976,12480,26.74,-43,-17,-10,189,435,82
-4660,-5720,13700,27.17,-228,-15,-242,0,376,396,-5544,-7844,12572,26.65,-24,-6,4,189,434,84
-4716,-5756,13660,27.21,-261,-16,-232,0,376,396,-5672,-7840,12588,26.69,-38,-14,6,187,432,84
-4660,-5736,13608,27.21,-252,-34,-149,0,379,396,-5656,-7880,12404,26.69,-38,-33,-1,184,424,84
-4720,-5812,13764,27.17,-245,-4,-149,0,382,395,-5592,-7940,12536,26.65,-27,5,-8,185,436,84
-4640,-5676,13584,27.17,-243,13,-182,0,382,395,-5596,-7912,12516,26.65,-42,-7,-5,186,434,83
-4652,-5676,13644,27.12,-258,1,-235,0,380,395,-5664,-7944,12500,26.60,-61,-39,-10,186,434,85
-4672,-5824,13548,27.17,-256,-8,-226,0,383,398,-5592,-7932,12560,26.60,-29,-42,-2,189,434,82
-4668,-5768,13656,27.21,-258,-4,-171,0,381,398,-5628,-8040,12568,26.65,-43,-8,-7,185,433,82
-4648,-5780,13764,27.17,-247,-16,-166,0,383,401,-5596,-7932,12496,26.74,-39,-31,-13,185,429,80
-4772,-5796,13620,27.17,-255,-5,-190,0,383,400,-5588,-7952,12608,26.65,-49,-18,-5,186,422,81
-4636,-5720,13584,27.12,-237,-7,-242,0,384,401,-5680,-7916,12520,26.60,-36,-22,-27,186,423,75
-4608,-5880,13612,27.07,-249,-1,-218,0,380,403,-5700,-7972,12644,26.60,-41,-36,-20,187,420,75
-4640,-5796,13736,27.12,-243,2,-193,0,382,399,-5632,-7936,12432,26.60,-28,1,-1,184,423,84
-4684,-5764,13716,27.07,-245,-13,-174,0,380,397,-5644,-7872,12492,26.65,-51,-47,-11,186,424,83
-4716,-5724,13628,27.17,-246,-23,-183,0,380,399,-5576,-7952,12516,26.65,-41,-41,6,185,428,82
-4724,-5780,13648,27.12,-252,-24,-199,0,379,399,-5640,-7880,12524,26.65,-39,-15,4,184,427,84
-4680,-5816,13580,27.12,-256,-18,-229,0,380,394,-5632,-7880,12588,26.60,-45,-22,-25,181,424,82
-4632,-5616,13524,27.17,-231,-23,-208,0,379,397,-5652,-7932,12656,26.69,-39,-40,-22,180,424,81
-4680,-5760,13620,27.07,-252,2,-146,0,377,401,-5624,-7932,12424,26.41,-22,-26,-15,182,429,73
-4616,-5780,13500,27.12,-248,-32,-130,0,377,397,-5752,-7960,12536,26.60,-49,-32,-6,183,426,68
-4616,-5744,13700,27.12,-252,-25,-211,0,380,399,-5672,-7892,12580,26.60,-41,-3,-16,179,433,67
-4716,-5816,13436,27.17,-248,-12,-248,0,383,398,-5556,-7948,12504,26.55,-22,-26,-3,180,427,77
-4676,-5756,13676,27.07,-239,-40,-210,0,380,398,-5664,-7912,12520,26.55,-47,-11,-20,180,434,78
-4664,-5736,13528,27.12,-248,-15,-169,0,378,400,-5640,-7856,12660,26.55,-37,-18,17,182,436,79
-4668,-5804,13692,27.12,-237,0,-148,0,377,399,-5640,-8008,12524,26.65,-27,-16,0,181,436,79
-4744,-5712,13680,27.07,-242,24,-183,0,377,398,-5552,-7892,12560,26.60,-53,-26,-13,181,435,81
-4704,-5552,13612,27.12,-245,3,-240,0,378,399,-5668,-8040,12492,26.51,-36,-32,-2,181,435,75
-4660,-5808,13728,27.17,-246,-36,-223,0,378,397,-5616,-7888,12508,26.51,-40,-15,5,181,435,75
-4616,-5816,13732,27.17,-250,-24,-208,0,378,397,-5568,-7992,12512,26.55,-48,-35,-12,180,433,76
-4736,-5884,13628,27.12,-243,-17,-142,0,381,397,-5600,-7976,12460,26.55,-59,-32,4,178,436,77
-4652,-5732,13772,27.12,-251,-6,-162,0,379,396,-5616,-7876,12500,26.65,-49,-17,-10,179,432,74
-4740,-5704,13492,27.17,-247,0,-203,0,380,397,-5632,-7932,12676,26.65,-30,-22,-12,177,429,72
-4704,-5824,13784,27.02,-233,-37,-229,0,380,399,-5584,-7928,12576,26.65,-26,-32,-15,178,436,77
-4628,-5760,13504,27.12,-232,-17,-179,0,380,397,-5632,-7908,12516,26.55,-14,-30,-18,177,436,79
-4736,-5872,13660,27.17,-243,11,-148,0,379,398,-5620,-8032,12572,26.65,-34,-29,10,178,434,81
-4688,-5792,13508,27.07,-211,-17,-165,0,374,399,-5616,-7964,12536,26.46,-29,-28,-15,179,435,81
-4680,-5820,13568,27.12,-254,-38,-212,0,372,395,-5632,-7944,12476,26.55,-42,-23,-15,177,433,79
-4724,-5792,13612,27.02,-248,-11,-196,0,369,397,-5568,-7920,12396,26.55,-52,-10,-30,177,430,77
-4692,-5780,13720,27.07,-243,-8,-223,0,368,395,-5508,-7892,12612,26.65,-33,-28,1,179,425,79
-4684,-5728,13620,27.12,-229,-8,-161,0,371,389,-5532,-7940,12584,26.60,-30,-46,8,178,425,80
-4668,-5776,13588,27.07,-254,-14,-166,0,368,391,-5640,-7888,12616,26.60,-50,-36,-20,180,434,79
-4676,-5736,13560,26.98,-235,-16,-195,0,370,389,-5504,-7900,12484,26.60,-47,-30,8,181,437,76
-4612,-5688,13632,27.07,-257,-14,-211,0,370,390,-5656,-7924,12464,26.55,-52,-7,-11,179,438,77
-4580,-5752,13668,27.12,-253,0,-198,0,372,393,-5564,-7992,12452,26.55,-51,-44,-3,182,438,75
-4704,-5740,13580,26.98,-262,2,-161,0,371,396,-5528,-7956,12664,26.65,-44,-24,-7,181,437,74
-4588,-5784,13644,27.02,-238,-14,-164,0,371,393,-5636,-7888,12584,26.60,-49,-38,7,182,435,75
-4572,-5736,13596,27.02,-255,-2,-182,0,370,394,-5548,-7980,12588,26.55,-29,-7,-15,181,434,73
-4640,-5760,13516,27.07,-234,-19,-214,0,371,396,-5524,-7916,12564,26.65,-26,-34,0,190,435,70
-4668,-5772,13568,27.12,-234,-2,-222,0,368,396,-5632,-7948,12668,26.55,-49,-8,7,194,437,73
-4596,-5792,13660,27.17,-249,-24,-186,0,369,398,-5644,-7956,12576,26.51,-56,-25,-6,197,437,73
-4724,-5860,13688,27.07,-253,-24,-147,0,369,398,-5608,-7996,12444,26.51,-32,-35,-8,195,438,68
-4676,-5812,13640,26.98,-245,-32,-175,0,371,395,-5604,-7876,12432,26.46,-44,-20,-25,196,437,73
-4736,-5848,13708,27.02,-245,-29,-266,0,369,393,-5516,-8000,12540,26.55,-39,-19,-25,198,435,75
-4720,-5780,13564,26.98,-243,6,-242,0,368,394,-5628,-7936,12544,26.55,-49,-41,2,199,436,72
-4680,-5828,13724,27.07,-246,-20,-189,0,370,395,-5612,-7964,12340,26.46,-41,-17,-13,196,435,70
-4772,-5836,13532,27.12,-245,-31,-136,0,369,396,-5504,-7916,12500,26.55,-35,-10,-25,196,441,74
-4572,-5768,13684,27.07,-228,9,-132,0,367,397,-5508,-7948,12560,26.55,-36,5,-20,195,443,69
-4600,-5812,13560,27.07,-249,-10,-206,0,369,397,-5552,-7964,12604,26.55,-57,-40,-11,195,441,69
-4700,-5748,13596,26.93,-242,-32,-267,0,366,397,-5624,-7932,12600,26.60,-49,-26,-16,198,441,69
-4680,-5816,13696,27.07,-241,-47,-197,0,367,395,-5576,-7956,12528,26.60,-39,-38,-12,196,440,73
-4628,-5828,13592,26.88,-241,-31,-153,0,363,395,-5664,-7960,12664,26.41,-37,-27,-14,197,441,71
-4676,-5800,13680,27.02,-260,0,-152,0,364,393,-5552,-7944,12572,26.51,-44,-6,-31,198,437,72
-4624,-5688,13708,26.98,-241,-21,-191,0,365,398,-5604,-7940,12580,26.51,-51,-34,3,198,439,72
-4676,-5780,13708,26.98,-243,-25,-236,0,360,398,-5584,-7924,12528,26.55,-32,-25,-18,194,435,65
-4668,-5692,13676,27.02,-248,-16,-211,0,356,398,-5628,-7840,12672,26.51,-50,-26,-18,193,433,71
-4652,-5800,13596,27.07,-223,-3,-168,0,352,396,-5548,-7888,12588,26.55,-38,-28,-12,196,435,73
-4756,-5852,13660,27.07,-258,-20,-129,0,358,397,-5540,-7968,12492,26.51,-56,-12,-3,197,435,73
-4700,-5636,13628,27.02,-260,-14,-173,0,351,393,-5720,-7932,12500,26.55,-32,-9,16,202,436,71
-4740,-5780,13648,26.98,-238,-13,-195,0,349,398,-5528,-7964,12556,26.46,-39,-14,-17,204,434,72
-4704,-5764,13676,26.98,-240,-20,-217,0,352,395,-5536,-7904,12552,26.55,-31,-12,14,201,440,67
-4672,-5804,13628,26.98,-250,-11,-197,0,355,398,-5644,-7804,12508,26.55,-40,-25,-2,201,443,69
-4680,-5784,13684,26.93,-252,-9,-189,0,356,406,-5608,-7956,12516,26.51,-31,-26,-2,197,440,68
-4752,-5792,13652,27.02,-246,-30,-190,0,352,403,-5552,-7892,12568,26.51,-33,-17,-3,201,441,70
-4592,-5780,13656,26.98,-252,-32,-228,0,351,401,-5672,-7968,12492,26.46,-39,-23,-25,202,439,75
-4692,-5700,13772,26.98,-246,-9,-230,0,352,402,-5684,-8004,12516,26.46,-35,-27,-26,201,436,73
-4688,-5756,13548,27.02,-259,-20,-184,0,347,404,-5544,-8036,12588,26.46,-34,-38,-13,202,433,73
-4632,-5768,13684,26.98,-224,-11,-148,0,350,402,-5608,-7900,12464,26.46,-42,-27,-3,204,433,75
-4664,-5864,13676,26.98,-255,-21,-159,0,349,402,-5664,-7888,12560,26.55,-24,-20,-32,198,437,69
-4704,-5856,13604,26.93,-230,10,-205,0,349,402,-5536,-7840,12568,26.55,-29,-20,-7,200,437,65
-4696,-5800,13664,26.98,-262,-1,-220,0,350,403,-5620,-7928,12608,26.41,-45,14,-29,193,437,71
-4680,-5752,13524,27.02,-236,-17,-190,0,350,402,-5528,-7836,12484,26.51,-36,-31,-9,198,435,73
-4708,-5804,13744,26.93,-247,-17,-178,0,345,399,-5468,-7912,12660,26.41,-30,-33,-15,194,441,75
-4704,-5860,13608,26.88,-262,-3,-163,0,347,402,-5664,-7912,12468,26.46,-45,-17,-6,201,439,75
-4820,-5764,13584,26.93,-240,-25,-195,0,342,402,-5652,-7904,12504,26.46,-47,-30,1,201,439,75
-4628,-5824,13548,26.93,-245,-29,-240,0,345,401,-5652,-7876,12488,26.46,-29,-6,-6,199,438,70
-4664,-5700,13672,26.98,-254,-11,-191,0,348,398,-5560,-7952,12488,26.51,-31,5,-21,200,437,74
-4704,-5848,13556,26.98,-255,-15,-155,0,342,401,-5696,-8000,12524,26.41,-42,-27,-14,199,436,71
-4692,-5800,13524,27.02,-228,1,-142,0,344,399,-5544,-7864,12504,26.51,-69,-30,21,201,436,70
-4736,-5880,13536,26.88,-254,-8,-177,0,339,402,-5584,-7888,12444,26.51,-36,-5,-21,199,434,68
-4636,-5784,13692,26.93,-241,-10,-221,0,341,402,-5564,-8008,12560,26.46,-25,-6,-3,199,435,67
-4740,-5832,13520,26.93,-240,-16,-221,0,342,405,-5584,-8048,12616,26.51,-48,-25,-17,200,434,66
-4752,-5728,13488,26.98,-246,-7,-191,0,343,403,-5544,-8004,12564,26.51,-57,-35,-17,200,439,67
-4752,-5724,13668,26.93,-241,-7,-137,0,341,403,-5668,-7988,12404,26.51,-40,2,-4,199,438,67
-4792,-5876,13620,27.02,-254,-30,-162,0,344,403,-5596,-7944,12532,26.55,-37,20,16,201,440,65
-4672,-5796,13572,26.88,-236,-25,-214,0,347,404,-5528,-7972,12552,26.46,-29,-32,-18,206,439,66
-4648,-5820,13740,26.93,-238,-5,-226,0,347,406,-5700,-7888,12600,26.46,-46,-24,18,207,441,65
-4780,-5756,13732,26.93,-263,-5,-230,0,349,407,-5648,-7892,12676,26.37,-55,-15,-9,209,438,57
-4676,-5788,13588,26.88,-244,-33,-163,0,346,404,-5636,-7920,12556,26.37,-24,-22,-8,209,442,58
-4604,-5708,13708,26.93,-229,-8,-171,0,344,404,-5568,-7916,12580,26.51,-38,-34,-3,210,442,55
-4812,-5644,13520,26.98,-245,-7,-160,0,344,403,-5640,-7872,12668,26.41,-48,-9,13,208,441,57
-4648,-5724,13720,26.84,-263,-11,-220,0,342,407,-5628,-7956,12560,26.37,-38,-21,9,210,443,57
-4720,-5816,13540,26.98,-238,2,-204,0,342,405,-5664,-7796,12468,26.37,-53,8,-14,210,444,55
-4732,-5748,13588,26.79,-223,-1,-185,0,345,408,-5580,-7860,12564,26.41,-40,-17,-8,213,446,57
-4712,-5792,13596,26.84,-235,-37,-154,0,348,409,-5628,-7872,12364,26.41,-42,-14,-3,210,441,55
-4736,-5736,13536,26.88,-230,-20,-124,0,349,410,-5568,-7904,12548,26.46,-36,-28,-6,209,438,56
-4760,-5692,13668,26.88,-232,-13,-214,0,351,410,-5636,-7872,12592,26.46,-57,-38,-7,205,437,55
-4616,-5792,13680,26.79,-251,-13,-199,0,349,410,-5612,-7976,12600,26.46,-63,-9,3,203,437,54
-4692,-5676,13692,26.84,-262,-2,-189,0,353,412,-5552,-7932,12572,26.41,-37,-16,-16,202,440,56
-4736,-5708,13764,26.88,-238,-38,-172,0,354,412,-5616,-8012,12556,26.41,-42,-17,-6,201,439,54
-4812,-5812,13660,26.88,-240,-22,-148,0,354,411,-5636,-7896,12524,26.46,-28,-21,-14,200,443,51
-4748,-5736,13700,26.93,-246,-14,-204,0,352,411,-5520,-7944,12528,26.46,-52,6,-9,201,439,53
-4680,-5776,13568,26.84,-243,-15,-235,0,351,409,-5564,-8048,12544,26.41,-29,-29,6,203,443,57
-4740,-5800,13620,26.79,-249,-27,-172,0,354,412,-5656,-7932,12632,26.41,-47,-6,-18,200,441,54
-4748,-5776,13616,26.98,-228,-23,-170,0,351,408,-5652,-7904,12384,26.46,-36,0,-9,191,439,51
-4648,-5824,13620,26.84,-263,-4,-164,0,357,408,-5668,-7960,12656,26.46,-39,-3,-14,190,437,51
-4676,-5708,13736,26.88,-255,-5,-176,0,355,409,-5616,-7928,12420,26.41,-43,-30,-28,186,437,55
-4736,-5724,13664,26.79,-252,-8,-213,0,352,411,-5636,-7916,12560,26.41,-44,-18,-22,194,440,59
-4620,-5772,13748,26.84,-249,-43,-231,0,352,406,-5644,-7972,12536,26.41,-34,-34,-13,192,446,57
-4724,-5816,13712,26.88,-253,-8,-175,0,350,409,-5508,-7900,12616,26.41,-66,-22,-11,192,447,59
-4760,-5776,13596,26.84,-248,-9,-151,0,351,407,-5596,-7984,12584,26.41,-42,-33,19,195,446,55
-4684,-5792,13748,26.88,-252,-26,-165,0,354,408,-5632,-7868,12508,26.41,-31,-16,-32,195,442,54
-4652,-5724,13588,26.88,-243,-14,-196,4,355,399,-5660,-7964,12536,26.41,-45,-29,4,195,446,56
-4764,-5684,13764,26.74,-227,-3,-193,0,356,400,-5640,-7848,12632,26.41,-31,-24,-14,193,450,54
-4752,-5772,13580,26.88,-257,-35,-174,0,355,401,-5596,-7900,12560,26.32,-43,-17,-12,194,444,54
-4680,-5864,13552,26.79,-244,-21,-159,0,356,401,-5564,-7992,12664,26.32,-53,7,2,192,452,52
-4768,-5696,13644,26.79,-264,-28,-146,0,351,403,-5632,-7896,12552,26.46,-36,-1,0,192,440,57
-4652,-5696,13668,26.84,-244,-14,-209,0,353,401,-5588,-7952,12360,26.51,-40,-13,-6,191,448,54
-4756,-5760,13632,26.84,-245,-22,-231,0,353,404,-5580,-7952,12616,26.41,-50,-9,-6,195,447,56
-4788,-5760,13508,26.79,-241,-33,-217,0,351,403,-5680,-7976,12500,26.37,-64,-45,-2,195,442,56
-4792,-5764,13520,26.74,-241,-45,-158,0,353,406,-5584,-7872,12392,26.37,-20,-8,-15,194,444,58
-4780,-5716,13536,26.84,-262,-7,-157,0,351,401,-5528,-7968,12476,26.32,-49,-18,-28,198,443,56
-4664,-5784,13700,26.79,-259,-11,-189,0,356,401,-5612,-7920,12536,26.41,-36,-16,1,190,444,56
-4788,-5780,13648,26.79,-238,-3,-236,0,354,400,-5652,-7844,12476,26.32,-50,-47,1,191,447,59
-4660,-5796,13488,26.74,-240,-12,-191,0,354,399,-5540,-7980,12520,26.46,-34,-19,-8,190,443,57
-4688,-5716,13656,26.88,-251,-23,-160,0,353,398,-5596,-8016,12640,26.37,-36,-35,3,191,440,54
-4728,-5732,13676,26.79,-243,-9,-142,0,353,399,-5616,-7856,12416,26.41,-42,-22,6,190,438,57
-4676,-5708,13580,26.74,-226,4,-152,0,353,401,-5516,-7932,12696,26.41,-57,-8,-4,195,437,54
-4704,-5772,13588,26.88,-232,-33,-245,0,350,401,-5600,-7876,12392,26.46,-36,-3,0,187,438,53
-4744,-5724,13748,26.79,-225,-24,-208,0,354,399,-5524,-7884,12620,26.32,-50,-34,-23,195,437,54
-4692,-5796,13684,26.84,-251,5,-182,0,354,400,-5600,-8028,12556,26.41,-50,-18,-27,196,441,55
-4676,-5776,13580,26.88,-247,9,-148,0,353,398,-5644,-8000,12528,26.32,-58,-17,-8,194,440,56
-4728,-5864,13588,26.84,-251,-23,-172,0,353,397,-5564,-7904,12476,26.32,-43,-15,-16,194,441,55
-4788,-5768,13732,26.84,-227,-43,-244,0,350,396,-5660,-7940,12600,26.32,-47,-18,6,198,444,54
-4788,-5756,13608,26.79,-245,-20,-228,0,351,395,-5532,-7888,12628,26.41,-24,-3,19,197,443,57
-4860,-5840,13824,26.79,-250,4,-210,0,355,399,-5616,-7980,12460,26.37,-21,-12,4,198,442,56
-4644,-5748,13708,26.84,-250,-1,-137,0,343,396,-5624,-7980,12616,26.37,-50,-3,-14,197,446,56
-4680,-5832,13560,26.79,-253,-16,-126,0,343,398,-5584,-7932,12508,26.41,-38,-40,-7,198,443,54
-4780,-5708,13660,26.79,-243,-51,-178,0,345,398,-5608,-7908,12644,26.41,-31,3,-19,203,444,55
-4764,-5656,13612,26.74,-262,-8,-229,0,345,397,-5604,-7964,12480,26.27,-39,-31,-19,203,444,55
-4732,-5748,13660,26.79,-254,-10,-205,0,345,395,-5676,-7916,12728,26.27,-34,-32,-16,201,441,54
-4696,-5752,13644,26.79,-261,-13,-177,0,348,398,-5620,-7920,12488,26.37,-28,-10,-19,203,442,55
-4692,-5696,13724,26.74,-251,-32,-166,1,347,398,-5636,-7936,12684,26.37,-39,-12,-17,204,440,55
-4768,-5760,13524,26.74,-230,-17,-213,0,347,397,-5696,-8012,12604,26.37,-44,-21,-3,207,437,55
-4704,-5688,13680,26.79,-232,-4,-207,0,350,391,-5632,-7932,12448,26.27,-39,12,-10,205,440,51
-4668,-5732,13684,26.65,-246,1,-223,0,348,390,-5512,-8040,12420,26.27,-23,-35,-10,208,441,57
-4732,-5772,13696,26.79,-241,-6,-169,0,352,395,-5560,-8004,12528,26.37,-42,8,-3,205,442,56
-4672,-5792,13552,26.79,-244,-14,-180,0,348,396,-5568,-7968,12420,26.41,-42,-6,4,213,442,57
-4648,-5852,13560,26.84,-256,-40,-167,0,351,390,-5632,-7836,12512,26.37,-28,-36,-6,212,445,58
-4692,-5808,13712,26.84,-227,0,-203,0,350,394,-5524,-7992,12620,26.27,-39,-23,-17,212,445,62
-4704,-5792,13740,26.69,-245,-8,-215,0,351,394,-5420,-7932,12644,26.37,-37,-16,-13,212,441,61
-4720,-5744,13636,26.74,-249,-10,-217,0,350,395,-5564,-7972,12628,26.37,-40,-28,0,209,443,59
-4708,-5736,13676,26.74,-265,-8,-144,0,349,396,-5644,-7992,12596,26.32,-35,-30,5,215,444,56
-4680,-5732,13548,26.79,-234,-24,-157,0,352,398,-5576,-7932,12368,26.32,-42,-21,-2,210,443,54
-4664,-5668,13572,26.74,-243,-23,-171,0,351,398,-5676,-7904,12748,26.27,-22,-21,-11,209,444,60
-4800,-5728,13728,26.74,-265,-23,-234,0,355,398,-5628,-8012,12644,26.32,-42,8,-18,210,444,58
-4624,-5752,13772,26.69,-251,0,-227,0,355,398,-5608,-7976,12496,26.37,-41,-10,-10,210,439,58
-4756,-5756,13524,26.65,-225,-23,-156,0,355,398,-5660,-7912,12532,26.27,-36,-18,-29,213,446,60
-4680,-5780,13648,26.65,-229,-48,-124,0,356,403,-5528,-7892,12512,26.27,-63,-13,9,212,449,59
-4780,-5760,13588,26.69,-241,-22,-141,0,357,403,-5680,-7980,12428,26.32,-38,-38,0,209,446,59
-4764,-5812,13708,26.79,-242,-12,-221,0,356,396,-5632,-7940,12680,26.32,-49,-20,-7,212,449,57
-4776,-5760,13576,26.74,-242,-23,-227,0,354,397,-5636,-7900,12528,26.22,-29,-27,4,212,446,58
-4692,-5880,13520,26.65,-250,-22,-160,0,353,397,-5612,-7916,12540,26.27,-51,-41,-24,210,446,62
-4716,-5772,13624,26.69,-237,-36,-149,0,355,398,-5652,-7948,12604,26.27,-52,-36,-4,209,447,58
-4608,-5728,13680,26.60,-238,0,-198,0,351,396,-5588,-7868,12564,26.27,-49,-4,-25,210,447,60
-4680,-5828,13676,26.65,-254,-11,-213,0,350,397,-5516,-7960,12584,26.22,-44,-31,-10,211,445,59
-4764,-5748,13620,26.74,-236,-11,-210,0,353,398,-5520,-7968,12528,26.22,-43,-10,2,207,443,62
-4656,-5780,13636,26.69,-245,-22,-168,0,355,397,-5664,-7996,12436,26.32,-53,-23,-12,210,448,58
-4772,-5848,13588,26.69,-257,-17,-151,0,355,397,-5580,-8008,12580,26.32,-21,-48,-17,213,446,59
-4720,-5916,13664,26.65,-244,-9,-166,0,360,395,-5652,-7920,12524,26.32,-45,7,-4,214,444,61
-4748,-5720,13636,26.60,-244,-10,-206,0,359,397,-5668,-7868,12696,26.27,-50,-29,-16,213,444,61
-4788,-5744,13744,26.79,-235,-10,-210,0,356,401,-5656,-7892,12532,26.27,-47,-15,0,213,444,63
-4780,-5808,13580,26.65,-267,-21,-198,0,357,396,-5604,-8012,12620,26.27,-39,-17,-12,215,443,66
-4760,-5756,13712,26.65,-247,-8,-163,0,358,398,-5624,-7956,12660,26.32,-47,-43,1,212,445,64
-4736,-5844,13600,26.69,-229,6,-153,0,361,400,-5540,-8048,12532,26.22,-52,-2,-3,210,444,62
-4752,-5804,13712,26.65,-238,-24,-167,0,356,400,-5572,-7920,12520,26.27,-34,-28,4,211,446,63
-4752,-5744,13680,26.69,-248,-21,-191,0,360,399,-5624,-7836,12520,26.27,-25,-24,-12,212,445,65
-4624,-5820,13540,26.69,-251,-15,-212,0,355,397,-5572,-7952,12624,26.27,-36,-11,-8,208,444,58
-4644,-5784,13684,26.74,-253,-28,-170,0,359,396,-5600,-8004,12468,26.32,-13,-14,-7,209,444,56
-4776,-5752,13536,26.65,-234,-8,-155,0,357,397,-5680,-7980,12560,26.32,-63,-30,-26,215,447,59
-4732,-5768,13516,26.60,-237,-13,-164,0,357,398,-5612,-7904,12508,26.27,-56,-15,-27,216,441,60
-4768,-5800,13632,26.69,-242,19,-217,0,358,396,-5564,-7928,12636,26.32,-27,-27,-3,215,445,57
-4700,-5668,13688,26.74,-240,-3,-192,0,357,401,-5652,-7932,12580,26.18,-36,-15,-19,217,439,61
-4844,-5732,13636,26.60,-238,-20,-171,0,359,398,-5500,-7964,12492,26.27,-54,-16,21,217,440,59
-4764,-5732,13676,26.69,-239,-11,-153,0,360,398,-5548,-7924,12600,26.18,-55,-9,-23,212,443,54
-4732,-5828,13616,26.65,-249,-36,-164,0,361,395,-5532,-7764,12556,26.27,-26,-27,-7,216,442,55
-4756,-5768,13636,26.65,-239,12,-200,0,363,395,-5600,-7860,12672,26.32,-48,-32,-1,213,438,57
-4704,-5736,13664,26.60,-242,-24,-202,0,364,396,-5544,-7960,12576,26.22,-37,-41,-14,221,441,61
-4800,-5792,13628,26.69,-227,-20,-176,0,358,398,-5676,-7920,12596,26.32,-39,-24,-25,220,440,57
-4800,-5676,13672,26.65,-246,-27,-149,0,358,391,-5532,-7936,12552,26.32,-53,-20,5,219,439,58
-4764,-5760,13520,26.69,-232,-44,-156,0,356,392,-5592,-8008,12508,26.13,-55,0,-8,215,438,61
-4776,-5780,13736,26.69,-240,-19,-208,0,356,392,-5672,-7972,12560,26.18,-43,-17,0,223,437,58
-4760,-5640,13636,26.60,-233,2,-232,0,354,393,-5612,-7988,12556,26.22,-28,-60,-10,221,438,61
-4720,-5792,13692,26.69,-255,1,-192,0,354,392,-5656,-7960,12576,26.22,-40,-20,-5,220,438,60
-4764,-5716,13652,26.69,-239,-22,-157,0,354,389,-5656,-7860,12608,26.32,-25,4,2,220,436,60
-4744,-5720,13596,26.65,-237,-21,-167,0,353,387,-5504,-7988,12648,26.18,-45,-15,1,218,433,60
-4796,-5736,13540,26.65,-259,-32,-187,0,355,392,-5636,-7936,12732,26.27,-40,-17,19,217,434,59
-4712,-5736,13792,26.60,-259,-24,-238,0,355,390,-5536,-8084,12620,26.18,-42,-13,3,218,434,57
-4744,-5728,13584,26.60,-243,10,-204,0,357,390,-5608,-7960,12632,26.22,-49,-17,6,215,436,57
-4816,-5668,13664,26.55,-238,-9,-197,0,355,394,-5668,-7992,12616,26.04,-43,-21,-1,216,435,55
-4832,-5680,13648,26.55,-245,-22,-152,0,360,396,-5636,-8128,12508,26.18,-50,-19,-31,216,437,56
-4752,-5748,13536,26.60,-268,6,-180,0,356,399,-5592,-8044,12468,26.18,-54,-19,-10,218,438,57
-4748,-5724,13588,26.55,-252,-8,-201,2,354,394,-5596,-8044,12448,26.08,-42,-32,-6,218,435,56
-4824,-5728,13696,26.60,-260,-28,-244,0,357,395,-5512,-7972,12360,26.18,-28,-18,-11,214,435,57
-4708,-5672,13748,26.60,-251,-10,-180,0,356,399,-5644,-7924,12468,26.18,-48,-27,0,212,434,56
-4720,-5752,13756,26.55,-259,-13,-172,0,356,393,-5504,-7944,12376,26.13,-45,-23,-4,213,436,55
-4784,-5808,13704,26.65,-254,-8,-143,0,357,398,-5512,-7972,12732,26.18,-38,-40,5,211,435,55
-4788,-5804,13680,26.60,-249,-36,-193,0,355,399,-5620,-7984,12616,26.27,-56,-32,19,214,442,55
-4712,-5672,13632,26.60,-234,-36,-253,0,358,397,-5516,-7932,12640,26.18,-49,-10,-5,210,440,53
-4740,-5688,13656,26.65,-248,-12,-206,0,354,396,-5548,-7968,12552,26.18,-30,-11,-21,209,440,51
-4880,-5784,13536,26.65,-249,0,-168,0,358,397,-5592,-7908,12636,26.18,-39,-30,-25,213,439,50
-4768,-5828,13760,26.69,-226,-24,-155,0,356,397,-5700,-7956,12360,26.18,-17,-27,-23,212,442,51
-4656,-5728,13580,26.55,-243,-1,-184,0,357,397,-5684,-7988,12596,26.18,-48,-31,5,216,440,51
-4796,-5740,13728,26.60,-250,2,-225,0,355,396,-5628,-7912,12680,26.13,-54,-38,-7,213,442,50
-4772,-5764,13556,26.65,-256,-1,-238,0,358,396,-5568,-7976,12592,26.13,-51,-24,-3,205,441,49
-4776,-5760,13700,26.65,-255,-6,-161,1,352,403,-5656,-7916,12500,26.18,-48,-34,-15,210,438,48
-4672,-5704,13704,26.60,-247,-8,-145,0,353,404,-5624,-7996,12504,26.18,-38,-31,9,206,439,49
-4796,-5656,13556,26.55,-253,4,-186,0,352,406,-5556,-7940,12336,26.18,-43,10,-1,209,437,55
-4844,-5676,13512,26.60,-265,-6,-215,0,353,404,-5632,-7976,12588,26.22,-41,-3,-11,208,437,61
-4748,-5688,13656,26.55,-240,-5,-234,0,356,408,-5628,-7984,12832,26.04,-39,-29,-14,207,439,60
-4852,-5832,13640,26.51,-253,2,-205,0,354,408,-5656,-7932,12568,26.13,-57,5,1,207,439,61
-4740,-5712,13592,26.60,-241,-28,-175,0,356,408,-5676,-8016,12700,26.18,-36,-17,-13,213,439,57
-4800,-5688,13716,26.46,-242,-7,-147,0,356,404,-5592,-8044,12568,26.18,-59,-24,-10,214,436,59
-4748,-5732,13612,26.60,-220,-5,-184,2,355,407,-5600,-7988,12468,26.18,-59,-26,-14,212,438,59
-4764,-5772,13576,26.55,-217,-33,-223,0,352,406,-5604,-7972,12564,26.18,-38,-40,3,214,441,59
-4828,-5716,13544,26.65,-232,-13,-226,0,351,407,-5636,-7912,12592,26.18,-41,-38,-26,212,443,62
-4792,-5788,13676,26.60,-245,-5,-202,0,355,408,-5628,-7968,12516,26.18,-35,-23,-4,213,442,61
-4800,-5780,13668,26.51,-232,-9,-155,0,355,406,-5596,-7936,12408,26.13,-38,-35,-8,213,443,57
-4792,-5724,13688,26.55,-249,-14,-164,0,356,405,-5568,-7892,12536,26.13,-50,-4,-15,213,443,57
-4712,-5700,13600,26.60,-228,-10,-192,0,359,405,-5644,-7976,12592,26.18,-47,-11,-5,216,442,55
-4864,-5780,13632,26.60,-241,-34,-238,0,357,404,-5700,-7944,12444,26.08,-38,-26,7,212,440,59
-4736,-5720,13740,26.55,-255,-5,-204,0,357,401,-5644,-7936,12504,26.18,-53,-46,1,208,442,62
-4728,-5672,13664,26.51,-267,2,-171,0,358,401,-5540,-7872,12640,26.22,-51,-11,-2,204,441,58
-4720,-5724,13792,26.51,-248,-17,-151,0,357,399,-5624,-7944,12564,26.13,-40,-35,-11,209,440,57
-4768,-5704,13596,26.55,-254,-24,-186,0,357,400,-5704,-7932,12580,26.27,-58,-35,-17,210,437,57
-4844,-5864,13744,26.51,-277,11,-247,0,357,402,-5676,-8000,12572,26.13,-29,-42,0,206,438,56
-4684,-5788,13556,26.51,-245,-35,-211,1,355,404,-5588,-7944,12660,26.18,-56,-23,-17,209,440,59
-4820,-5796,13728,26.51,-247,-12,-173,0,357,399,-5620,-7840,12516,26.08,-41,-28,1,206,434,66
-4756,-5744,13708,26.55,-253,-2,-129,0,355,398,-5576,-8020,12656,26.08,-15,-33,-25,207,434,69
-4748,-5748,13696,26.46,-241,-35,-166,0,353,401,-5616,-7928,12620,26.27,-42,-15,-3,205,433,68
-4784,-5688,13640,26.51,-270,-1,-209,0,357,400,-5624,-7888,12616,26.13,-44,-14,-28,203,436,69
-4780,-5628,13672,26.55,-262,-15,-212,0,354,402,-5508,-7984,12536,26.13,-46,-7,-5,203,437,65
-4760,-5740,13524,26.46,-260,4,-177,0,357,399,-5632,-7996,12608,26.13,-54,-13,-7,202,438,66
-4736,-5692,13692,26.51,-252,-19,-154,0,359,402,-5584,-7920,12472,26.08,-19,0,-7,204,438,69
-4768,-5720,13572,26.46,-231,-7,-172,0,356,400,-5636,-7960,12472,26.13,-29,-3,-8,205,435,61
-4744,-5744,13872,26.51,-243,-4,-198,0,355,398,-5572,-7936,12544,26.08,-40,-27,-7,205,435,60
-4776,-5784,13644,26.51,-258,-37,-192,0,352,403,-5636,-7988,12496,26.08,-51,-29,-18,201,435,65
-4632,-5756,13716,26.55,-259,-5,-167,0,356,403,-5612,-7952,12576,26.08,-40,-19,4,218,440,67
-4732,-5692,13664,26.51,-261,-17,-185,0,358,404,-5608,-7940,12436,26.18,-41,-13,-17,214,437,63
-4840,-5708,13736,26.51,-240,-22,-169,0,357,405,-5512,-7964,12652,26.08,-25,-19,-21,212,436,64
-4864,-5792,13688,26.46,-262,-21,-178,0,354,401,-5540,-7880,12576,26.04,-28,-11,7,214,436,65
-4756,-5704,13652,26.55,-254,-13,-242,0,354,402,-5536,-7936,12548,26.22,-55,-10,-5,209,437,59
-4876,-5808,13660,26.51,-249,-22,-195,0,351,403,-5596,-7856,12616,26.27,-20,-2,-13,212,436,61
-4800,-5692,13728,26.41,-239,-6,-180,0,354,403,-5568,-8024,12560,26.18,-35,-13,-11,214,438,63
-4760,-5748,13604,26.46,-248,-22,-162,0,353,401,-5576,-8036,12392,26.08,-44,-15,-3,212,432,67
-4808,-5740,13628,26.46,-232,-34,-172,0,354,398,-5612,-7908,12548,26.08,-51,-16,5,209,436,70
-4760,-5804,13460,26.60,-256,-21,-219,0,358,394,-5588,-8040,12620,26.04,-48,-16,-12,210,434,70
-4796,-5800,13688,26.41,-242,4,-262,0,355,400,-5624,-8060,12644,26.22,-61,-42,-13,214,430,69
-4672,-5780,13756,26.46,-252,-16,-209,0,355,396,-5608,-7900,12668,25.94,-32,-27,-19,214,434,69
-4764,-5736,13676,26.51,-254,-34,-143,0,356,399,-5560,-7968,12580,26.04,-56,-14,-10,211,433,66
-4740,-5784,13580,26.41,-253,7,-170,0,356,399,-5624,-8004,12596,25.99,-48,-3,0,209,423,67
-4744,-5784,13604,26.46,-229,-2,-199,0,359,401,-5484,-7904,12388,26.08,-58,-9,-4,207,431,61
-4884,-5796,13716,26.51,-265,7,-227,0,360,397,-5608,-7968,12628,26.04,-31,-4,9,209,433,67
-4772,-5792,13644,26.46,-252,3,-198,0,359,397,-5540,-7964,12584,26.08,-55,-14,-31,206,433,69
-4724,-5796,13572,26.51,-249,-12,-175,0,354,396,-5616,-7932,12416,26.08,-51,-4,13,205,432,67
-4720,-5668,13668,26.41,-254,-24,-162,0,355,394,-5624,-7916,12620,26.08,-60,-23,17,211,433,67
-4760,-5784,13520,26.51,-236,-5,-165,0,355,391,-5632,-7960,12572,26.18,-56,-42,2,212,431,70
-4680,-5752,13680,26.55,-253,-2,-236,0,353,391,-5600,-7944,12556,26.04,-55,-45,-6,217,436,74
-4724,-5708,13812,26.51,-263,-15,-227,0,355,396,-5600,-7928,12672,26.13,-28,-26,6,219,436,75
-4716,-5800,13620,26.46,-222,-29,-194,0,356,396,-5584,-7912,12500,26.08,-47,3,-12,220,435,75
-4748,-5704,13692,26.46,-256,-22,-139,0,353,397,-5476,-7952,12564,26.08,-46,-1,-8,219,433,76
-4836,-5800,13636,26.60,-255,-26,-159,0,356,395,-5568,-7948,12504,26.04,-51,-17,-18,220,433,73
-4876,-5748,13600,26.41,-243,-42,-194,0,354,399,-5720,-8036,12572,26.13,-58,-14,-15,219,432,70
-4768,-5696,13696,26.46,-242,-8,-235,0,358,400,-5620,-7904,12636,26.04,-45,-17,-5,217,432,69
-4764,-5704,13736,26.46,-230,-41,-204,0,357,399,-5588,-8008,12512,26.08,-28,-12,-17,215,428,71
-4832,-5776,13776,26.41,-253,7,-188,0,356,398,-5644,-7980,12748,25.99,-47,-32,-13,220,434,69
-4784,-5764,13696,26.46,-260,-32,-142,0,353,398,-5532,-7900,12472,26.08,-59,-42,-5,219,433,68
-4720,-5680,13728,26.37,-254,-21,-192,0,356,398,-5516,-7928,12468,25.99,-44,-34,15,219,431,70
-4720,-5724,13612,26.51,-242,-21,-218,0,357,399,-5672,-7904,12492,26.08,-52,2,-3,219,431,69
-4832,-5820,13612,26.41,-235,-23,-200,0,359,396,-5552,-7956,12584,25.94,-37,-43,-1,217,431,69
